sample_dir,prompt_label,prompt_tokens,layer,kind,rank,token_index,energy
data/cache_samples/long_3095tok_20260427_233303,long,3095,0,key,1,1080,2.1789133548736572
data/cache_samples/long_3095tok_20260427_233303,long,3095,0,key,2,1139,2.1788930892944336
data/cache_samples/long_3095tok_20260427_233303,long,3095,0,key,3,1128,2.1788926124572754
data/cache_samples/long_3095tok_20260427_233303,long,3095,0,key,4,1125,2.178884506225586
data/cache_samples/long_3095tok_20260427_233303,long,3095,0,key,5,1077,2.178877592086792
data/cache_samples/long_3095tok_20260427_233303,long,3095,0,key,6,1029,2.178865432739258
data/cache_samples/long_3095tok_20260427_233303,long,3095,0,key,7,2472,2.1788604259490967
data/cache_samples/long_3095tok_20260427_233303,long,3095,0,key,8,696,2.1788570880889893
data/cache_samples/long_3095tok_20260427_233303,long,3095,0,key,9,1043,2.17885684967041
data/cache_samples/long_3095tok_20260427_233303,long,3095,0,key,10,1907,2.1788551807403564
data/cache_samples/long_3095tok_20260427_233303,long,3095,0,value,1,1,0.10593005269765854
data/cache_samples/long_3095tok_20260427_233303,long,3095,0,value,2,1777,0.10345479846000671
data/cache_samples/long_3095tok_20260427_233303,long,3095,0,value,3,1681,0.10345479846000671
data/cache_samples/long_3095tok_20260427_233303,long,3095,0,value,4,817,0.10345479846000671
data/cache_samples/long_3095tok_20260427_233303,long,3095,0,value,5,2689,0.10345479846000671
data/cache_samples/long_3095tok_20260427_233303,long,3095,0,value,6,529,0.10345479846000671
data/cache_samples/long_3095tok_20260427_233303,long,3095,0,value,7,2161,0.10345479846000671
data/cache_samples/long_3095tok_20260427_233303,long,3095,0,value,8,2977,0.10345479846000671
data/cache_samples/long_3095tok_20260427_233303,long,3095,0,value,9,1345,0.10345479846000671
data/cache_samples/long_3095tok_20260427_233303,long,3095,0,value,10,1873,0.10345479846000671
data/cache_samples/long_3095tok_20260427_233303,long,3095,1,key,1,3073,2.798659324645996
data/cache_samples/long_3095tok_20260427_233303,long,3095,1,key,2,2977,2.797940731048584
data/cache_samples/long_3095tok_20260427_233303,long,3095,1,key,3,3025,2.7969167232513428
data/cache_samples/long_3095tok_20260427_233303,long,3095,1,key,4,2929,2.7968709468841553
data/cache_samples/long_3095tok_20260427_233303,long,3095,1,key,5,2833,2.7951881885528564
data/cache_samples/long_3095tok_20260427_233303,long,3095,1,key,6,2881,2.7946856021881104
data/cache_samples/long_3095tok_20260427_233303,long,3095,1,key,7,2737,2.7939183712005615
data/cache_samples/long_3095tok_20260427_233303,long,3095,1,key,8,2785,2.7936158180236816
data/cache_samples/long_3095tok_20260427_233303,long,3095,1,key,9,2641,2.7933366298675537
data/cache_samples/long_3095tok_20260427_233303,long,3095,1,key,10,2689,2.7927815914154053
data/cache_samples/long_3095tok_20260427_233303,long,3095,1,value,1,212,0.21458151936531067
data/cache_samples/long_3095tok_20260427_233303,long,3095,1,value,2,164,0.21453221142292023
data/cache_samples/long_3095tok_20260427_233303,long,3095,1,value,3,116,0.21450084447860718
data/cache_samples/long_3095tok_20260427_233303,long,3095,1,value,4,308,0.21440166234970093
data/cache_samples/long_3095tok_20260427_233303,long,3095,1,value,5,260,0.21437063813209534
data/cache_samples/long_3095tok_20260427_233303,long,3095,1,value,6,356,0.21431277692317963
data/cache_samples/long_3095tok_20260427_233303,long,3095,1,value,7,452,0.21420371532440186
data/cache_samples/long_3095tok_20260427_233303,long,3095,1,value,8,500,0.2142004370689392
data/cache_samples/long_3095tok_20260427_233303,long,3095,1,value,9,548,0.21419301629066467
data/cache_samples/long_3095tok_20260427_233303,long,3095,1,value,10,404,0.2141871154308319
data/cache_samples/long_3095tok_20260427_233303,long,3095,2,key,1,3026,2.8922231197357178
data/cache_samples/long_3095tok_20260427_233303,long,3095,2,key,2,2882,2.890040159225464
data/cache_samples/long_3095tok_20260427_233303,long,3095,2,key,3,2306,2.887373685836792
data/cache_samples/long_3095tok_20260427_233303,long,3095,2,key,4,2210,2.8865950107574463
data/cache_samples/long_3095tok_20260427_233303,long,3095,2,key,5,2498,2.8853466510772705
data/cache_samples/long_3095tok_20260427_233303,long,3095,2,key,6,2978,2.8851101398468018
data/cache_samples/long_3095tok_20260427_233303,long,3095,2,key,7,2738,2.884016513824463
data/cache_samples/long_3095tok_20260427_233303,long,3095,2,key,8,2786,2.8802053928375244
data/cache_samples/long_3095tok_20260427_233303,long,3095,2,key,9,2642,2.8794238567352295
data/cache_samples/long_3095tok_20260427_233303,long,3095,2,key,10,2354,2.8777551651000977
data/cache_samples/long_3095tok_20260427_233303,long,3095,2,value,1,80,0.2667168974876404
data/cache_samples/long_3095tok_20260427_233303,long,3095,2,value,2,55,0.26481565833091736
data/cache_samples/long_3095tok_20260427_233303,long,3095,2,value,3,32,0.2636675238609314
data/cache_samples/long_3095tok_20260427_233303,long,3095,2,value,4,224,0.26333144307136536
data/cache_samples/long_3095tok_20260427_233303,long,3095,2,value,5,128,0.2627694606781006
data/cache_samples/long_3095tok_20260427_233303,long,3095,2,value,6,176,0.2624875009059906
data/cache_samples/long_3095tok_20260427_233303,long,3095,2,value,7,368,0.26237013936042786
data/cache_samples/long_3095tok_20260427_233303,long,3095,2,value,8,103,0.26236894726753235
data/cache_samples/long_3095tok_20260427_233303,long,3095,2,value,9,7,0.2620951235294342
data/cache_samples/long_3095tok_20260427_233303,long,3095,2,value,10,896,0.2619223892688751
data/cache_samples/long_3095tok_20260427_233303,long,3095,3,key,1,2689,3.1204750537872314
data/cache_samples/long_3095tok_20260427_233303,long,3095,3,key,2,2881,3.115825653076172
data/cache_samples/long_3095tok_20260427_233303,long,3095,3,key,3,2737,3.111851215362549
data/cache_samples/long_3095tok_20260427_233303,long,3095,3,key,4,2785,3.111438035964966
data/cache_samples/long_3095tok_20260427_233303,long,3095,3,key,5,3025,3.110100269317627
data/cache_samples/long_3095tok_20260427_233303,long,3095,3,key,6,3073,3.1067397594451904
data/cache_samples/long_3095tok_20260427_233303,long,3095,3,key,7,3060,3.1062304973602295
data/cache_samples/long_3095tok_20260427_233303,long,3095,3,key,8,3012,3.1062238216400146
data/cache_samples/long_3095tok_20260427_233303,long,3095,3,key,9,2820,3.1053266525268555
data/cache_samples/long_3095tok_20260427_233303,long,3095,3,key,10,2772,3.10353946685791
data/cache_samples/long_3095tok_20260427_233303,long,3095,3,value,1,2,0.2911500930786133
data/cache_samples/long_3095tok_20260427_233303,long,3095,3,value,2,30,0.28527018427848816
data/cache_samples/long_3095tok_20260427_233303,long,3095,3,value,3,119,0.2810765504837036
data/cache_samples/long_3095tok_20260427_233303,long,3095,3,value,4,33,0.27240028977394104
data/cache_samples/long_3095tok_20260427_233303,long,3095,3,value,5,167,0.2720780074596405
data/cache_samples/long_3095tok_20260427_233303,long,3095,3,value,6,503,0.2710024118423462
data/cache_samples/long_3095tok_20260427_233303,long,3095,3,value,7,78,0.2704189717769623
data/cache_samples/long_3095tok_20260427_233303,long,3095,3,value,8,1559,0.2694351375102997
data/cache_samples/long_3095tok_20260427_233303,long,3095,3,value,9,72,0.2681012749671936
data/cache_samples/long_3095tok_20260427_233303,long,3095,3,value,10,7,0.2669013738632202
data/cache_samples/long_3095tok_20260427_233303,long,3095,4,key,1,2303,3.070882797241211
data/cache_samples/long_3095tok_20260427_233303,long,3095,4,key,2,1871,3.0648014545440674
data/cache_samples/long_3095tok_20260427_233303,long,3095,4,key,3,2255,3.063441276550293
data/cache_samples/long_3095tok_20260427_233303,long,3095,4,key,4,3071,3.0629491806030273
data/cache_samples/long_3095tok_20260427_233303,long,3095,4,key,5,1775,3.061509847640991
data/cache_samples/long_3095tok_20260427_233303,long,3095,4,key,6,2543,3.060349225997925
data/cache_samples/long_3095tok_20260427_233303,long,3095,4,key,7,2975,3.059657335281372
data/cache_samples/long_3095tok_20260427_233303,long,3095,4,key,8,2783,3.0595765113830566
data/cache_samples/long_3095tok_20260427_233303,long,3095,4,key,9,2351,3.059143543243408
data/cache_samples/long_3095tok_20260427_233303,long,3095,4,key,10,2687,3.0586512088775635
data/cache_samples/long_3095tok_20260427_233303,long,3095,4,value,1,83,0.27503496408462524
data/cache_samples/long_3095tok_20260427_233303,long,3095,4,value,2,3,0.27163705229759216
data/cache_samples/long_3095tok_20260427_233303,long,3095,4,value,3,213,0.2702889144420624
data/cache_samples/long_3095tok_20260427_233303,long,3095,4,value,4,2,0.2682860195636749
data/cache_samples/long_3095tok_20260427_233303,long,3095,4,value,5,29,0.2681696116924286
data/cache_samples/long_3095tok_20260427_233303,long,3095,4,value,6,309,0.267810583114624
data/cache_samples/long_3095tok_20260427_233303,long,3095,4,value,7,131,0.2671860158443451
data/cache_samples/long_3095tok_20260427_233303,long,3095,4,value,8,67,0.26566678285598755
data/cache_samples/long_3095tok_20260427_233303,long,3095,4,value,9,407,0.26536306738853455
data/cache_samples/long_3095tok_20260427_233303,long,3095,4,value,10,8,0.2651323676109314
data/cache_samples/long_3095tok_20260427_233303,long,3095,5,key,1,2980,3.2227704524993896
data/cache_samples/long_3095tok_20260427_233303,long,3095,5,key,2,2740,3.2222957611083984
data/cache_samples/long_3095tok_20260427_233303,long,3095,5,key,3,3076,3.218444585800171
data/cache_samples/long_3095tok_20260427_233303,long,3095,5,key,4,2836,3.2181882858276367
data/cache_samples/long_3095tok_20260427_233303,long,3095,5,key,5,2596,3.215646266937256
data/cache_samples/long_3095tok_20260427_233303,long,3095,5,key,6,2068,3.215137004852295
data/cache_samples/long_3095tok_20260427_233303,long,3095,5,key,7,2308,3.2116916179656982
data/cache_samples/long_3095tok_20260427_233303,long,3095,5,key,8,2692,3.2101900577545166
data/cache_samples/long_3095tok_20260427_233303,long,3095,5,key,9,2884,3.209291696548462
data/cache_samples/long_3095tok_20260427_233303,long,3095,5,key,10,2788,3.209010124206543
data/cache_samples/long_3095tok_20260427_233303,long,3095,5,value,1,105,0.3008570075035095
data/cache_samples/long_3095tok_20260427_233303,long,3095,5,value,2,113,0.29722386598587036
data/cache_samples/long_3095tok_20260427_233303,long,3095,5,value,3,65,0.2971397936344147
data/cache_samples/long_3095tok_20260427_233303,long,3095,5,value,4,153,0.2961387634277344
data/cache_samples/long_3095tok_20260427_233303,long,3095,5,value,5,109,0.2957227826118469
data/cache_samples/long_3095tok_20260427_233303,long,3095,5,value,6,93,0.2953573763370514
data/cache_samples/long_3095tok_20260427_233303,long,3095,5,value,7,141,0.2946526110172272
data/cache_samples/long_3095tok_20260427_233303,long,3095,5,value,8,100,0.29442885518074036
data/cache_samples/long_3095tok_20260427_233303,long,3095,5,value,9,157,0.2940475642681122
data/cache_samples/long_3095tok_20260427_233303,long,3095,5,value,10,126,0.29365241527557373
data/cache_samples/long_3095tok_20260427_233303,long,3095,6,key,1,2792,3.4282901287078857
data/cache_samples/long_3095tok_20260427_233303,long,3095,6,key,2,2696,3.42518949508667
data/cache_samples/long_3095tok_20260427_233303,long,3095,6,key,3,3032,3.421812057495117
data/cache_samples/long_3095tok_20260427_233303,long,3095,6,key,4,2984,3.4206044673919678
data/cache_samples/long_3095tok_20260427_233303,long,3095,6,key,5,2504,3.417738914489746
data/cache_samples/long_3095tok_20260427_233303,long,3095,6,key,6,2552,3.4165759086608887
data/cache_samples/long_3095tok_20260427_233303,long,3095,6,key,7,2499,3.416386127471924
data/cache_samples/long_3095tok_20260427_233303,long,3095,6,key,8,2840,3.4139769077301025
data/cache_samples/long_3095tok_20260427_233303,long,3095,6,key,9,2888,3.413539171218872
data/cache_samples/long_3095tok_20260427_233303,long,3095,6,key,10,3080,3.412268877029419
data/cache_samples/long_3095tok_20260427_233303,long,3095,6,value,1,82,0.3547614514827728
data/cache_samples/long_3095tok_20260427_233303,long,3095,6,value,2,79,0.3438110649585724
data/cache_samples/long_3095tok_20260427_233303,long,3095,6,value,3,91,0.34197214245796204
data/cache_samples/long_3095tok_20260427_233303,long,3095,6,value,4,2205,0.3416139781475067
data/cache_samples/long_3095tok_20260427_233303,long,3095,6,value,5,2301,0.34116774797439575
data/cache_samples/long_3095tok_20260427_233303,long,3095,6,value,6,130,0.3408353328704834
data/cache_samples/long_3095tok_20260427_233303,long,3095,6,value,7,2493,0.3404790759086609
data/cache_samples/long_3095tok_20260427_233303,long,3095,6,value,8,94,0.3404461443424225
data/cache_samples/long_3095tok_20260427_233303,long,3095,6,value,9,190,0.3395043611526489
data/cache_samples/long_3095tok_20260427_233303,long,3095,6,value,10,2973,0.33819514513015747
data/cache_samples/long_3095tok_20260427_233303,long,3095,7,key,1,2457,2.9617443084716797
data/cache_samples/long_3095tok_20260427_233303,long,3095,7,key,2,2497,2.9613823890686035
data/cache_samples/long_3095tok_20260427_233303,long,3095,7,key,3,1641,2.9579732418060303
data/cache_samples/long_3095tok_20260427_233303,long,3095,7,key,4,2553,2.957653522491455
data/cache_samples/long_3095tok_20260427_233303,long,3095,7,key,5,2841,2.9576423168182373
data/cache_samples/long_3095tok_20260427_233303,long,3095,7,key,6,1737,2.953681468963623
data/cache_samples/long_3095tok_20260427_233303,long,3095,7,key,7,1449,2.9517931938171387
data/cache_samples/long_3095tok_20260427_233303,long,3095,7,key,8,2793,2.9517009258270264
data/cache_samples/long_3095tok_20260427_233303,long,3095,7,key,9,2409,2.950309991836548
data/cache_samples/long_3095tok_20260427_233303,long,3095,7,key,10,2697,2.9495134353637695
data/cache_samples/long_3095tok_20260427_233303,long,3095,7,value,1,117,0.4185539186000824
data/cache_samples/long_3095tok_20260427_233303,long,3095,7,value,2,83,0.41592639684677124
data/cache_samples/long_3095tok_20260427_233303,long,3095,7,value,3,165,0.4144296646118164
data/cache_samples/long_3095tok_20260427_233303,long,3095,7,value,4,213,0.3987616002559662
data/cache_samples/long_3095tok_20260427_233303,long,3095,7,value,5,261,0.39176586270332336
data/cache_samples/long_3095tok_20260427_233303,long,3095,7,value,6,214,0.3812990188598633
data/cache_samples/long_3095tok_20260427_233303,long,3095,7,value,7,309,0.38055068254470825
data/cache_samples/long_3095tok_20260427_233303,long,3095,7,value,8,357,0.37856799364089966
data/cache_samples/long_3095tok_20260427_233303,long,3095,7,value,9,358,0.3784509599208832
data/cache_samples/long_3095tok_20260427_233303,long,3095,7,value,10,131,0.37720543146133423
data/cache_samples/long_3095tok_20260427_233303,long,3095,8,key,1,2497,3.4121408462524414
data/cache_samples/long_3095tok_20260427_233303,long,3095,8,key,2,1633,3.407897472381592
data/cache_samples/long_3095tok_20260427_233303,long,3095,8,key,3,2980,3.4038491249084473
data/cache_samples/long_3095tok_20260427_233303,long,3095,8,key,4,2785,3.4018614292144775
data/cache_samples/long_3095tok_20260427_233303,long,3095,8,key,5,2305,3.3972280025482178
data/cache_samples/long_3095tok_20260427_233303,long,3095,8,key,6,1636,3.397095203399658
data/cache_samples/long_3095tok_20260427_233303,long,3095,8,key,7,2977,3.3964083194732666
data/cache_samples/long_3095tok_20260427_233303,long,3095,8,key,8,3025,3.39621639251709
data/cache_samples/long_3095tok_20260427_233303,long,3095,8,key,9,2449,3.3959708213806152
data/cache_samples/long_3095tok_20260427_233303,long,3095,8,key,10,2689,3.3959243297576904
data/cache_samples/long_3095tok_20260427_233303,long,3095,8,value,1,82,0.3597881495952606
data/cache_samples/long_3095tok_20260427_233303,long,3095,8,value,2,118,0.3585991859436035
data/cache_samples/long_3095tok_20260427_233303,long,3095,8,value,3,161,0.3539991080760956
data/cache_samples/long_3095tok_20260427_233303,long,3095,8,value,4,113,0.35126200318336487
data/cache_samples/long_3095tok_20260427_233303,long,3095,8,value,5,117,0.34595414996147156
data/cache_samples/long_3095tok_20260427_233303,long,3095,8,value,6,65,0.34510189294815063
data/cache_samples/long_3095tok_20260427_233303,long,3095,8,value,7,264,0.3433528244495392
data/cache_samples/long_3095tok_20260427_233303,long,3095,8,value,8,165,0.3419404625892639
data/cache_samples/long_3095tok_20260427_233303,long,3095,8,value,9,66,0.3415462374687195
data/cache_samples/long_3095tok_20260427_233303,long,3095,8,value,10,216,0.3404211103916168
data/cache_samples/long_3095tok_20260427_233303,long,3095,9,key,1,1973,3.151167869567871
data/cache_samples/long_3095tok_20260427_233303,long,3095,9,key,2,3032,3.150360584259033
data/cache_samples/long_3095tok_20260427_233303,long,3095,9,key,3,2069,3.149622917175293
data/cache_samples/long_3095tok_20260427_233303,long,3095,9,key,4,3029,3.148728609085083
data/cache_samples/long_3095tok_20260427_233303,long,3095,9,key,5,2933,3.1480090618133545
data/cache_samples/long_3095tok_20260427_233303,long,3095,9,key,6,2165,3.1461362838745117
data/cache_samples/long_3095tok_20260427_233303,long,3095,9,key,7,1493,3.144705057144165
data/cache_samples/long_3095tok_20260427_233303,long,3095,9,key,8,1877,3.143245220184326
data/cache_samples/long_3095tok_20260427_233303,long,3095,9,key,9,2453,3.1432383060455322
data/cache_samples/long_3095tok_20260427_233303,long,3095,9,key,10,2981,3.142043113708496
data/cache_samples/long_3095tok_20260427_233303,long,3095,9,value,1,108,0.3415188491344452
data/cache_samples/long_3095tok_20260427_233303,long,3095,9,value,2,156,0.3315087854862213
data/cache_samples/long_3095tok_20260427_233303,long,3095,9,value,3,76,0.32779327034950256
data/cache_samples/long_3095tok_20260427_233303,long,3095,9,value,4,204,0.32401910424232483
data/cache_samples/long_3095tok_20260427_233303,long,3095,9,value,5,115,0.3220065236091614
data/cache_samples/long_3095tok_20260427_233303,long,3095,9,value,6,81,0.3196585476398468
data/cache_samples/long_3095tok_20260427_233303,long,3095,9,value,7,128,0.31789419054985046
data/cache_samples/long_3095tok_20260427_233303,long,3095,9,value,8,82,0.31672364473342896
data/cache_samples/long_3095tok_20260427_233303,long,3095,9,value,9,79,0.31662043929100037
data/cache_samples/long_3095tok_20260427_233303,long,3095,9,value,10,88,0.3165530562400818
data/cache_samples/long_3095tok_20260427_233303,long,3095,10,key,1,2836,3.0650570392608643
data/cache_samples/long_3095tok_20260427_233303,long,3095,10,key,2,2596,3.063941240310669
data/cache_samples/long_3095tok_20260427_233303,long,3095,10,key,3,3076,3.0636544227600098
data/cache_samples/long_3095tok_20260427_233303,long,3095,10,key,4,2068,3.051607608795166
data/cache_samples/long_3095tok_20260427_233303,long,3095,10,key,5,2980,3.046109914779663
data/cache_samples/long_3095tok_20260427_233303,long,3095,10,key,6,1396,3.044654130935669
data/cache_samples/long_3095tok_20260427_233303,long,3095,10,key,7,1636,3.0430455207824707
data/cache_samples/long_3095tok_20260427_233303,long,3095,10,key,8,2356,3.041782855987549
data/cache_samples/long_3095tok_20260427_233303,long,3095,10,key,9,2644,3.040393114089966
data/cache_samples/long_3095tok_20260427_233303,long,3095,10,key,10,1684,3.03519344329834
data/cache_samples/long_3095tok_20260427_233303,long,3095,10,value,1,94,0.3671794533729553
data/cache_samples/long_3095tok_20260427_233303,long,3095,10,value,2,82,0.36513736844062805
data/cache_samples/long_3095tok_20260427_233303,long,3095,10,value,3,106,0.36387425661087036
data/cache_samples/long_3095tok_20260427_233303,long,3095,10,value,4,154,0.362917423248291
data/cache_samples/long_3095tok_20260427_233303,long,3095,10,value,5,202,0.3595618009567261
data/cache_samples/long_3095tok_20260427_233303,long,3095,10,value,6,11,0.3587149977684021
data/cache_samples/long_3095tok_20260427_233303,long,3095,10,value,7,51,0.3578525483608246
data/cache_samples/long_3095tok_20260427_233303,long,3095,10,value,8,90,0.3577580749988556
data/cache_samples/long_3095tok_20260427_233303,long,3095,10,value,9,67,0.3574908673763275
data/cache_samples/long_3095tok_20260427_233303,long,3095,10,value,10,81,0.35561272501945496
data/cache_samples/long_3095tok_20260427_233303,long,3095,11,key,1,2113,3.35187029838562
data/cache_samples/long_3095tok_20260427_233303,long,3095,11,key,2,1633,3.350083589553833
data/cache_samples/long_3095tok_20260427_233303,long,3095,11,key,3,289,3.348234176635742
data/cache_samples/long_3095tok_20260427_233303,long,3095,11,key,4,769,3.3447535037994385
data/cache_samples/long_3095tok_20260427_233303,long,3095,11,key,5,2065,3.33966064453125
data/cache_samples/long_3095tok_20260427_233303,long,3095,11,key,6,3073,3.333209991455078
data/cache_samples/long_3095tok_20260427_233303,long,3095,11,key,7,2785,3.3321027755737305
data/cache_samples/long_3095tok_20260427_233303,long,3095,11,key,8,385,3.3319833278656006
data/cache_samples/long_3095tok_20260427_233303,long,3095,11,key,9,1585,3.3310317993164062
data/cache_samples/long_3095tok_20260427_233303,long,3095,11,key,10,1441,3.3295280933380127
data/cache_samples/long_3095tok_20260427_233303,long,3095,11,value,1,39,0.35796040296554565
data/cache_samples/long_3095tok_20260427_233303,long,3095,11,value,2,81,0.3425990045070648
data/cache_samples/long_3095tok_20260427_233303,long,3095,11,value,3,33,0.3414262533187866
data/cache_samples/long_3095tok_20260427_233303,long,3095,11,value,4,2385,0.33595314621925354
data/cache_samples/long_3095tok_20260427_233303,long,3095,11,value,5,11,0.33577942848205566
data/cache_samples/long_3095tok_20260427_233303,long,3095,11,value,6,8,0.33445605635643005
data/cache_samples/long_3095tok_20260427_233303,long,3095,11,value,7,17,0.33351460099220276
data/cache_samples/long_3095tok_20260427_233303,long,3095,11,value,8,1185,0.33323416113853455
data/cache_samples/long_3095tok_20260427_233303,long,3095,11,value,9,1233,0.33313271403312683
data/cache_samples/long_3095tok_20260427_233303,long,3095,11,value,10,29,0.33308881521224976
data/cache_samples/long_3095tok_20260427_233303,long,3095,12,key,1,2690,3.1313085556030273
data/cache_samples/long_3095tok_20260427_233303,long,3095,12,key,2,1442,3.12707781791687
data/cache_samples/long_3095tok_20260427_233303,long,3095,12,key,3,2786,3.1267473697662354
data/cache_samples/long_3095tok_20260427_233303,long,3095,12,key,4,2642,3.12500262260437
data/cache_samples/long_3095tok_20260427_233303,long,3095,12,key,5,2882,3.12151837348938
data/cache_samples/long_3095tok_20260427_233303,long,3095,12,key,6,3074,3.120379686355591
data/cache_samples/long_3095tok_20260427_233303,long,3095,12,key,7,2594,3.120173692703247
data/cache_samples/long_3095tok_20260427_233303,long,3095,12,key,8,2930,3.1198458671569824
data/cache_samples/long_3095tok_20260427_233303,long,3095,12,key,9,2114,3.119351625442505
data/cache_samples/long_3095tok_20260427_233303,long,3095,12,key,10,770,3.117983341217041
data/cache_samples/long_3095tok_20260427_233303,long,3095,12,value,1,407,0.36912769079208374
data/cache_samples/long_3095tok_20260427_233303,long,3095,12,value,2,887,0.3644038736820221
data/cache_samples/long_3095tok_20260427_233303,long,3095,12,value,3,503,0.3604785203933716
data/cache_samples/long_3095tok_20260427_233303,long,3095,12,value,4,1367,0.3603202700614929
data/cache_samples/long_3095tok_20260427_233303,long,3095,12,value,5,1847,0.35533055663108826
data/cache_samples/long_3095tok_20260427_233303,long,3095,12,value,6,743,0.353522390127182
data/cache_samples/long_3095tok_20260427_233303,long,3095,12,value,7,1943,0.35280513763427734
data/cache_samples/long_3095tok_20260427_233303,long,3095,12,value,8,2807,0.3514675199985504
data/cache_samples/long_3095tok_20260427_233303,long,3095,12,value,9,1463,0.3499988615512848
data/cache_samples/long_3095tok_20260427_233303,long,3095,12,value,10,1223,0.34972354769706726
data/cache_samples/long_3095tok_20260427_233303,long,3095,13,key,1,770,3.231957197189331
data/cache_samples/long_3095tok_20260427_233303,long,3095,13,key,2,2114,3.2270143032073975
data/cache_samples/long_3095tok_20260427_233303,long,3095,13,key,3,866,3.2170803546905518
data/cache_samples/long_3095tok_20260427_233303,long,3095,13,key,4,2498,3.2153100967407227
data/cache_samples/long_3095tok_20260427_233303,long,3095,13,key,5,1442,3.214418888092041
data/cache_samples/long_3095tok_20260427_233303,long,3095,13,key,6,2690,3.2113213539123535
data/cache_samples/long_3095tok_20260427_233303,long,3095,13,key,7,2210,3.2113125324249268
data/cache_samples/long_3095tok_20260427_233303,long,3095,13,key,8,2786,3.211210012435913
data/cache_samples/long_3095tok_20260427_233303,long,3095,13,key,9,2018,3.2108302116394043
data/cache_samples/long_3095tok_20260427_233303,long,3095,13,key,10,674,3.210758686065674
data/cache_samples/long_3095tok_20260427_233303,long,3095,13,value,1,67,0.4800129532814026
data/cache_samples/long_3095tok_20260427_233303,long,3095,13,value,2,48,0.46019625663757324
data/cache_samples/long_3095tok_20260427_233303,long,3095,13,value,3,115,0.45383602380752563
data/cache_samples/long_3095tok_20260427_233303,long,3095,13,value,4,1943,0.4526798129081726
data/cache_samples/long_3095tok_20260427_233303,long,3095,13,value,5,42,0.44970399141311646
data/cache_samples/long_3095tok_20260427_233303,long,3095,13,value,6,45,0.4479673206806183
data/cache_samples/long_3095tok_20260427_233303,long,3095,13,value,7,93,0.4474746584892273
data/cache_samples/long_3095tok_20260427_233303,long,3095,13,value,8,1031,0.44677168130874634
data/cache_samples/long_3095tok_20260427_233303,long,3095,13,value,9,743,0.4460371732711792
data/cache_samples/long_3095tok_20260427_233303,long,3095,13,value,10,503,0.44413962960243225
data/cache_samples/long_3095tok_20260427_233303,long,3095,14,key,1,2980,3.2441458702087402
data/cache_samples/long_3095tok_20260427_233303,long,3095,14,key,2,3076,3.2278194427490234
data/cache_samples/long_3095tok_20260427_233303,long,3095,14,key,3,2500,3.221090793609619
data/cache_samples/long_3095tok_20260427_233303,long,3095,14,key,4,2068,3.218933343887329
data/cache_samples/long_3095tok_20260427_233303,long,3095,14,key,5,1828,3.2182106971740723
data/cache_samples/long_3095tok_20260427_233303,long,3095,14,key,6,1636,3.215106964111328
data/cache_samples/long_3095tok_20260427_233303,long,3095,14,key,7,2836,3.2126457691192627
data/cache_samples/long_3095tok_20260427_233303,long,3095,14,key,8,2788,3.2089502811431885
data/cache_samples/long_3095tok_20260427_233303,long,3095,14,key,9,868,3.207139253616333
data/cache_samples/long_3095tok_20260427_233303,long,3095,14,key,10,3028,3.203188180923462
data/cache_samples/long_3095tok_20260427_233303,long,3095,14,value,1,503,1.017797589302063
data/cache_samples/long_3095tok_20260427_233303,long,3095,14,value,2,1271,0.9824799299240112
data/cache_samples/long_3095tok_20260427_233303,long,3095,14,value,3,1031,0.9571982622146606
data/cache_samples/long_3095tok_20260427_233303,long,3095,14,value,4,1463,0.9423450231552124
data/cache_samples/long_3095tok_20260427_233303,long,3095,14,value,5,551,0.9176219701766968
data/cache_samples/long_3095tok_20260427_233303,long,3095,14,value,6,455,0.9168036580085754
data/cache_samples/long_3095tok_20260427_233303,long,3095,14,value,7,1367,0.893457293510437
data/cache_samples/long_3095tok_20260427_233303,long,3095,14,value,8,48,0.8676236867904663
data/cache_samples/long_3095tok_20260427_233303,long,3095,14,value,9,6,0.8662311434745789
data/cache_samples/long_3095tok_20260427_233303,long,3095,14,value,10,2231,0.8662095069885254
data/cache_samples/long_3095tok_20260427_233303,long,3095,15,key,1,1808,3.175117015838623
data/cache_samples/long_3095tok_20260427_233303,long,3095,15,key,2,387,3.174443244934082
data/cache_samples/long_3095tok_20260427_233303,long,3095,15,key,3,1760,3.17218279838562
data/cache_samples/long_3095tok_20260427_233303,long,3095,15,key,4,675,3.172175168991089
data/cache_samples/long_3095tok_20260427_233303,long,3095,15,key,5,579,3.1692309379577637
data/cache_samples/long_3095tok_20260427_233303,long,3095,15,key,6,2048,3.1678247451782227
data/cache_samples/long_3095tok_20260427_233303,long,3095,15,key,7,1635,3.1670637130737305
data/cache_samples/long_3095tok_20260427_233303,long,3095,15,key,8,2979,3.1663522720336914
data/cache_samples/long_3095tok_20260427_233303,long,3095,15,key,9,771,3.1595587730407715
data/cache_samples/long_3095tok_20260427_233303,long,3095,15,key,10,2816,3.1591637134552
data/cache_samples/long_3095tok_20260427_233303,long,3095,15,value,1,1271,0.9831550717353821
data/cache_samples/long_3095tok_20260427_233303,long,3095,15,value,2,503,0.9498748183250427
data/cache_samples/long_3095tok_20260427_233303,long,3095,15,value,3,2231,0.932831346988678
data/cache_samples/long_3095tok_20260427_233303,long,3095,15,value,4,1031,0.9041429162025452
data/cache_samples/long_3095tok_20260427_233303,long,3095,15,value,5,1367,0.9032770395278931
data/cache_samples/long_3095tok_20260427_233303,long,3095,15,value,6,1463,0.8945775628089905
data/cache_samples/long_3095tok_20260427_233303,long,3095,15,value,7,2711,0.8941565155982971
data/cache_samples/long_3095tok_20260427_233303,long,3095,15,value,8,2183,0.8684247136116028
data/cache_samples/long_3095tok_20260427_233303,long,3095,15,value,9,1223,0.8670146465301514
data/cache_samples/long_3095tok_20260427_233303,long,3095,15,value,10,551,0.8566059470176697
data/cache_samples/medium_1559tok_20260427_233257,medium,1559,0,key,1,1080,2.1789133548736572
data/cache_samples/medium_1559tok_20260427_233257,medium,1559,0,key,2,1139,2.1788930892944336
data/cache_samples/medium_1559tok_20260427_233257,medium,1559,0,key,3,1128,2.1788926124572754
data/cache_samples/medium_1559tok_20260427_233257,medium,1559,0,key,4,1125,2.178884506225586
data/cache_samples/medium_1559tok_20260427_233257,medium,1559,0,key,5,1077,2.178877592086792
data/cache_samples/medium_1559tok_20260427_233257,medium,1559,0,key,6,1029,2.178865432739258
data/cache_samples/medium_1559tok_20260427_233257,medium,1559,0,key,7,696,2.1788570880889893
data/cache_samples/medium_1559tok_20260427_233257,medium,1559,0,key,8,1043,2.17885684967041
data/cache_samples/medium_1559tok_20260427_233257,medium,1559,0,key,9,995,2.1788547039031982
data/cache_samples/medium_1559tok_20260427_233257,medium,1559,0,key,10,1032,2.1788511276245117
data/cache_samples/medium_1559tok_20260427_233257,medium,1559,0,value,1,1,0.10593005269765854
data/cache_samples/medium_1559tok_20260427_233257,medium,1559,0,value,2,529,0.10345479846000671
data/cache_samples/medium_1559tok_20260427_233257,medium,1559,0,value,3,1009,0.10345479846000671
data/cache_samples/medium_1559tok_20260427_233257,medium,1559,0,value,4,433,0.10345479846000671
data/cache_samples/medium_1559tok_20260427_233257,medium,1559,0,value,5,1153,0.10345479846000671
data/cache_samples/medium_1559tok_20260427_233257,medium,1559,0,value,6,1105,0.10345479846000671
data/cache_samples/medium_1559tok_20260427_233257,medium,1559,0,value,7,1441,0.10345479846000671
data/cache_samples/medium_1559tok_20260427_233257,medium,1559,0,value,8,817,0.10345479846000671
data/cache_samples/medium_1559tok_20260427_233257,medium,1559,0,value,9,481,0.10345479846000671
data/cache_samples/medium_1559tok_20260427_233257,medium,1559,0,value,10,1057,0.10345479846000671
data/cache_samples/medium_1559tok_20260427_233257,medium,1559,1,key,1,1537,2.7741668224334717
data/cache_samples/medium_1559tok_20260427_233257,medium,1559,1,key,2,1441,2.7720446586608887
data/cache_samples/medium_1559tok_20260427_233257,medium,1559,1,key,3,1489,2.7716526985168457
data/cache_samples/medium_1559tok_20260427_233257,medium,1559,1,key,4,1393,2.7702341079711914
data/cache_samples/medium_1559tok_20260427_233257,medium,1559,1,key,5,1297,2.766852617263794
data/cache_samples/medium_1559tok_20260427_233257,medium,1559,1,key,6,1345,2.766385793685913
data/cache_samples/medium_1559tok_20260427_233257,medium,1559,1,key,7,1153,2.7648696899414062
data/cache_samples/medium_1559tok_20260427_233257,medium,1559,1,key,8,1249,2.7648062705993652
data/cache_samples/medium_1559tok_20260427_233257,medium,1559,1,key,9,1201,2.763425350189209
data/cache_samples/medium_1559tok_20260427_233257,medium,1559,1,key,10,961,2.761871576309204
data/cache_samples/medium_1559tok_20260427_233257,medium,1559,1,value,1,212,0.21458151936531067
data/cache_samples/medium_1559tok_20260427_233257,medium,1559,1,value,2,164,0.21453221142292023
data/cache_samples/medium_1559tok_20260427_233257,medium,1559,1,value,3,116,0.21450084447860718
data/cache_samples/medium_1559tok_20260427_233257,medium,1559,1,value,4,308,0.21440166234970093
data/cache_samples/medium_1559tok_20260427_233257,medium,1559,1,value,5,260,0.21437063813209534
data/cache_samples/medium_1559tok_20260427_233257,medium,1559,1,value,6,356,0.21431277692317963
data/cache_samples/medium_1559tok_20260427_233257,medium,1559,1,value,7,452,0.21420371532440186
data/cache_samples/medium_1559tok_20260427_233257,medium,1559,1,value,8,500,0.2142004370689392
data/cache_samples/medium_1559tok_20260427_233257,medium,1559,1,value,9,548,0.21419301629066467
data/cache_samples/medium_1559tok_20260427_233257,medium,1559,1,value,10,404,0.2141871154308319
data/cache_samples/medium_1559tok_20260427_233257,medium,1559,2,key,1,1490,2.866349458694458
data/cache_samples/medium_1559tok_20260427_233257,medium,1559,2,key,2,1538,2.8650553226470947
data/cache_samples/medium_1559tok_20260427_233257,medium,1559,2,key,3,1442,2.858671188354492
data/cache_samples/medium_1559tok_20260427_233257,medium,1559,2,key,4,1346,2.8495588302612305
data/cache_samples/medium_1559tok_20260427_233257,medium,1559,2,key,5,1202,2.8492379188537598
data/cache_samples/medium_1559tok_20260427_233257,medium,1559,2,key,6,1058,2.848703622817993
data/cache_samples/medium_1559tok_20260427_233257,medium,1559,2,key,7,1298,2.8484418392181396
data/cache_samples/medium_1559tok_20260427_233257,medium,1559,2,key,8,1010,2.8473379611968994
data/cache_samples/medium_1559tok_20260427_233257,medium,1559,2,key,9,1106,2.845316171646118
data/cache_samples/medium_1559tok_20260427_233257,medium,1559,2,key,10,1250,2.8431034088134766
data/cache_samples/medium_1559tok_20260427_233257,medium,1559,2,value,1,80,0.2667168974876404
data/cache_samples/medium_1559tok_20260427_233257,medium,1559,2,value,2,55,0.26481565833091736
data/cache_samples/medium_1559tok_20260427_233257,medium,1559,2,value,3,32,0.2636675238609314
data/cache_samples/medium_1559tok_20260427_233257,medium,1559,2,value,4,224,0.26333144307136536
data/cache_samples/medium_1559tok_20260427_233257,medium,1559,2,value,5,128,0.2627694606781006
data/cache_samples/medium_1559tok_20260427_233257,medium,1559,2,value,6,176,0.2624875009059906
data/cache_samples/medium_1559tok_20260427_233257,medium,1559,2,value,7,368,0.26237013936042786
data/cache_samples/medium_1559tok_20260427_233257,medium,1559,2,value,8,103,0.26236894726753235
data/cache_samples/medium_1559tok_20260427_233257,medium,1559,2,value,9,7,0.2620951235294342
data/cache_samples/medium_1559tok_20260427_233257,medium,1559,2,value,10,896,0.2619223892688751
data/cache_samples/medium_1559tok_20260427_233257,medium,1559,3,key,1,817,3.0862789154052734
data/cache_samples/medium_1559tok_20260427_233257,medium,1559,3,key,2,1201,3.0860164165496826
data/cache_samples/medium_1559tok_20260427_233257,medium,1559,3,key,3,385,3.0848312377929688
data/cache_samples/medium_1559tok_20260427_233257,medium,1559,3,key,4,1489,3.084707736968994
data/cache_samples/medium_1559tok_20260427_233257,medium,1559,3,key,5,673,3.0833580493927
data/cache_samples/medium_1559tok_20260427_233257,medium,1559,3,key,6,529,3.081918716430664
data/cache_samples/medium_1559tok_20260427_233257,medium,1559,3,key,7,1057,3.0727877616882324
data/cache_samples/medium_1559tok_20260427_233257,medium,1559,3,key,8,1345,3.0686755180358887
data/cache_samples/medium_1559tok_20260427_233257,medium,1559,3,key,9,769,3.0672500133514404
data/cache_samples/medium_1559tok_20260427_233257,medium,1559,3,key,10,1284,3.064779758453369
data/cache_samples/medium_1559tok_20260427_233257,medium,1559,3,value,1,2,0.2911500930786133
data/cache_samples/medium_1559tok_20260427_233257,medium,1559,3,value,2,30,0.28527018427848816
data/cache_samples/medium_1559tok_20260427_233257,medium,1559,3,value,3,119,0.2810765504837036
data/cache_samples/medium_1559tok_20260427_233257,medium,1559,3,value,4,33,0.27240028977394104
data/cache_samples/medium_1559tok_20260427_233257,medium,1559,3,value,5,167,0.2720780074596405
data/cache_samples/medium_1559tok_20260427_233257,medium,1559,3,value,6,503,0.2710024118423462
data/cache_samples/medium_1559tok_20260427_233257,medium,1559,3,value,7,78,0.2704189717769623
data/cache_samples/medium_1559tok_20260427_233257,medium,1559,3,value,8,72,0.2681012749671936
data/cache_samples/medium_1559tok_20260427_233257,medium,1559,3,value,9,7,0.2669013738632202
data/cache_samples/medium_1559tok_20260427_233257,medium,1559,3,value,10,983,0.2662271559238434
data/cache_samples/medium_1559tok_20260427_233257,medium,1559,4,key,1,671,3.056713581085205
data/cache_samples/medium_1559tok_20260427_233257,medium,1559,4,key,2,1487,3.055192708969116
data/cache_samples/medium_1559tok_20260427_233257,medium,1559,4,key,3,527,3.050473690032959
data/cache_samples/medium_1559tok_20260427_233257,medium,1559,4,key,4,431,3.050283432006836
data/cache_samples/medium_1559tok_20260427_233257,medium,1559,4,key,5,1103,3.049017906188965
data/cache_samples/medium_1559tok_20260427_233257,medium,1559,4,key,6,479,3.04727840423584
data/cache_samples/medium_1559tok_20260427_233257,medium,1559,4,key,7,1055,3.046718120574951
data/cache_samples/medium_1559tok_20260427_233257,medium,1559,4,key,8,1535,3.0453052520751953
data/cache_samples/medium_1559tok_20260427_233257,medium,1559,4,key,9,575,3.043825387954712
data/cache_samples/medium_1559tok_20260427_233257,medium,1559,4,key,10,633,3.04138445854187
data/cache_samples/medium_1559tok_20260427_233257,medium,1559,4,value,1,83,0.27503496408462524
data/cache_samples/medium_1559tok_20260427_233257,medium,1559,4,value,2,3,0.27163705229759216
data/cache_samples/medium_1559tok_20260427_233257,medium,1559,4,value,3,213,0.2702889144420624
data/cache_samples/medium_1559tok_20260427_233257,medium,1559,4,value,4,2,0.2682860195636749
data/cache_samples/medium_1559tok_20260427_233257,medium,1559,4,value,5,29,0.2681696116924286
data/cache_samples/medium_1559tok_20260427_233257,medium,1559,4,value,6,309,0.267810583114624
data/cache_samples/medium_1559tok_20260427_233257,medium,1559,4,value,7,131,0.2671860158443451
data/cache_samples/medium_1559tok_20260427_233257,medium,1559,4,value,8,67,0.26566678285598755
data/cache_samples/medium_1559tok_20260427_233257,medium,1559,4,value,9,407,0.26536306738853455
data/cache_samples/medium_1559tok_20260427_233257,medium,1559,4,value,10,8,0.2651323676109314
data/cache_samples/medium_1559tok_20260427_233257,medium,1559,5,key,1,1540,3.197775363922119
data/cache_samples/medium_1559tok_20260427_233257,medium,1559,5,key,2,1396,3.193742275238037
data/cache_samples/medium_1559tok_20260427_233257,medium,1559,5,key,3,868,3.1849451065063477
data/cache_samples/medium_1559tok_20260427_233257,medium,1559,5,key,4,1492,3.183932304382324
data/cache_samples/medium_1559tok_20260427_233257,medium,1559,5,key,5,1252,3.1810786724090576
data/cache_samples/medium_1559tok_20260427_233257,medium,1559,5,key,6,724,3.1794071197509766
data/cache_samples/medium_1559tok_20260427_233257,medium,1559,5,key,7,1156,3.1764981746673584
data/cache_samples/medium_1559tok_20260427_233257,medium,1559,5,key,8,1300,3.1754677295684814
data/cache_samples/medium_1559tok_20260427_233257,medium,1559,5,key,9,1444,3.174445867538452
data/cache_samples/medium_1559tok_20260427_233257,medium,1559,5,key,10,964,3.17130970954895
data/cache_samples/medium_1559tok_20260427_233257,medium,1559,5,value,1,105,0.3008570075035095
data/cache_samples/medium_1559tok_20260427_233257,medium,1559,5,value,2,113,0.29722386598587036
data/cache_samples/medium_1559tok_20260427_233257,medium,1559,5,value,3,65,0.2971397936344147
data/cache_samples/medium_1559tok_20260427_233257,medium,1559,5,value,4,153,0.2961387634277344
data/cache_samples/medium_1559tok_20260427_233257,medium,1559,5,value,5,109,0.2957227826118469
data/cache_samples/medium_1559tok_20260427_233257,medium,1559,5,value,6,93,0.2953573763370514
data/cache_samples/medium_1559tok_20260427_233257,medium,1559,5,value,7,141,0.2946526110172272
data/cache_samples/medium_1559tok_20260427_233257,medium,1559,5,value,8,100,0.29442885518074036
data/cache_samples/medium_1559tok_20260427_233257,medium,1559,5,value,9,157,0.2940475642681122
data/cache_samples/medium_1559tok_20260427_233257,medium,1559,5,value,10,126,0.29365241527557373
data/cache_samples/medium_1559tok_20260427_233257,medium,1559,6,key,1,1496,3.3869152069091797
data/cache_samples/medium_1559tok_20260427_233257,medium,1559,6,key,2,1491,3.384887933731079
data/cache_samples/medium_1559tok_20260427_233257,medium,1559,6,key,3,1539,3.3809759616851807
data/cache_samples/medium_1559tok_20260427_233257,medium,1559,6,key,4,1443,3.3755292892456055
data/cache_samples/medium_1559tok_20260427_233257,medium,1559,6,key,5,1544,3.373932361602783
data/cache_samples/medium_1559tok_20260427_233257,medium,1559,6,key,6,1299,3.366877794265747
data/cache_samples/medium_1559tok_20260427_233257,medium,1559,6,key,7,1395,3.366173028945923
data/cache_samples/medium_1559tok_20260427_233257,medium,1559,6,key,8,1203,3.354522228240967
data/cache_samples/medium_1559tok_20260427_233257,medium,1559,6,key,9,1251,3.3540525436401367
data/cache_samples/medium_1559tok_20260427_233257,medium,1559,6,key,10,1347,3.3535866737365723
data/cache_samples/medium_1559tok_20260427_233257,medium,1559,6,value,1,82,0.3547614514827728
data/cache_samples/medium_1559tok_20260427_233257,medium,1559,6,value,2,79,0.3438110649585724
data/cache_samples/medium_1559tok_20260427_233257,medium,1559,6,value,3,91,0.34197214245796204
data/cache_samples/medium_1559tok_20260427_233257,medium,1559,6,value,4,130,0.3408353328704834
data/cache_samples/medium_1559tok_20260427_233257,medium,1559,6,value,5,94,0.3404461443424225
data/cache_samples/medium_1559tok_20260427_233257,medium,1559,6,value,6,190,0.3395043611526489
data/cache_samples/medium_1559tok_20260427_233257,medium,1559,6,value,7,430,0.33768025040626526
data/cache_samples/medium_1559tok_20260427_233257,medium,1559,6,value,8,238,0.33766674995422363
data/cache_samples/medium_1559tok_20260427_233257,medium,1559,6,value,9,1485,0.33710479736328125
data/cache_samples/medium_1559tok_20260427_233257,medium,1559,6,value,10,88,0.3370377719402313
data/cache_samples/medium_1559tok_20260427_233257,medium,1559,7,key,1,1449,2.9517931938171387
data/cache_samples/medium_1559tok_20260427_233257,medium,1559,7,key,2,1545,2.9453728199005127
data/cache_samples/medium_1559tok_20260427_233257,medium,1559,7,key,3,1353,2.9412343502044678
data/cache_samples/medium_1559tok_20260427_233257,medium,1559,7,key,4,1497,2.933950424194336
data/cache_samples/medium_1559tok_20260427_233257,medium,1559,7,key,5,1401,2.9302096366882324
data/cache_samples/medium_1559tok_20260427_233257,medium,1559,7,key,6,729,2.9301764965057373
data/cache_samples/medium_1559tok_20260427_233257,medium,1559,7,key,7,921,2.9288811683654785
data/cache_samples/medium_1559tok_20260427_233257,medium,1559,7,key,8,873,2.9284324645996094
data/cache_samples/medium_1559tok_20260427_233257,medium,1559,7,key,9,1489,2.9261393547058105
data/cache_samples/medium_1559tok_20260427_233257,medium,1559,7,key,10,1443,2.925528049468994
data/cache_samples/medium_1559tok_20260427_233257,medium,1559,7,value,1,117,0.4185539186000824
data/cache_samples/medium_1559tok_20260427_233257,medium,1559,7,value,2,83,0.41592639684677124
data/cache_samples/medium_1559tok_20260427_233257,medium,1559,7,value,3,165,0.4144296646118164
data/cache_samples/medium_1559tok_20260427_233257,medium,1559,7,value,4,213,0.3987616002559662
data/cache_samples/medium_1559tok_20260427_233257,medium,1559,7,value,5,261,0.39176586270332336
data/cache_samples/medium_1559tok_20260427_233257,medium,1559,7,value,6,214,0.3812990188598633
data/cache_samples/medium_1559tok_20260427_233257,medium,1559,7,value,7,309,0.38055068254470825
data/cache_samples/medium_1559tok_20260427_233257,medium,1559,7,value,8,357,0.37856799364089966
data/cache_samples/medium_1559tok_20260427_233257,medium,1559,7,value,9,358,0.3784509599208832
data/cache_samples/medium_1559tok_20260427_233257,medium,1559,7,value,10,131,0.37720543146133423
data/cache_samples/medium_1559tok_20260427_233257,medium,1559,8,key,1,1540,3.382732391357422
data/cache_samples/medium_1559tok_20260427_233257,medium,1559,8,key,2,1489,3.3788528442382812
data/cache_samples/medium_1559tok_20260427_233257,medium,1559,8,key,3,1396,3.3713021278381348
data/cache_samples/medium_1559tok_20260427_233257,medium,1559,8,key,4,1492,3.362382411956787
data/cache_samples/medium_1559tok_20260427_233257,medium,1559,8,key,5,1441,3.3612804412841797
data/cache_samples/medium_1559tok_20260427_233257,medium,1559,8,key,6,1539,3.361057758331299
data/cache_samples/medium_1559tok_20260427_233257,medium,1559,8,key,7,1345,3.359888792037964
data/cache_samples/medium_1559tok_20260427_233257,medium,1559,8,key,8,1348,3.357320785522461
data/cache_samples/medium_1559tok_20260427_233257,medium,1559,8,key,9,1537,3.355541467666626
data/cache_samples/medium_1559tok_20260427_233257,medium,1559,8,key,10,1444,3.3547909259796143
data/cache_samples/medium_1559tok_20260427_233257,medium,1559,8,value,1,82,0.3597881495952606
data/cache_samples/medium_1559tok_20260427_233257,medium,1559,8,value,2,118,0.3585991859436035
data/cache_samples/medium_1559tok_20260427_233257,medium,1559,8,value,3,161,0.3539991080760956
data/cache_samples/medium_1559tok_20260427_233257,medium,1559,8,value,4,113,0.35126200318336487
data/cache_samples/medium_1559tok_20260427_233257,medium,1559,8,value,5,117,0.34595414996147156
data/cache_samples/medium_1559tok_20260427_233257,medium,1559,8,value,6,65,0.34510189294815063
data/cache_samples/medium_1559tok_20260427_233257,medium,1559,8,value,7,264,0.3433528244495392
data/cache_samples/medium_1559tok_20260427_233257,medium,1559,8,value,8,165,0.3419404625892639
data/cache_samples/medium_1559tok_20260427_233257,medium,1559,8,value,9,66,0.3415462374687195
data/cache_samples/medium_1559tok_20260427_233257,medium,1559,8,value,10,216,0.3404211103916168
data/cache_samples/medium_1559tok_20260427_233257,medium,1559,9,key,1,1493,3.144705057144165
data/cache_samples/medium_1559tok_20260427_233257,medium,1559,9,key,2,1397,3.139320135116577
data/cache_samples/medium_1559tok_20260427_233257,medium,1559,9,key,3,1442,3.136319875717163
data/cache_samples/medium_1559tok_20260427_233257,medium,1559,9,key,4,1541,3.132275104522705
data/cache_samples/medium_1559tok_20260427_233257,medium,1559,9,key,5,1499,3.126866579055786
data/cache_samples/medium_1559tok_20260427_233257,medium,1559,9,key,6,1445,3.1262786388397217
data/cache_samples/medium_1559tok_20260427_233257,medium,1559,9,key,7,1496,3.1198902130126953
data/cache_samples/medium_1559tok_20260427_233257,medium,1559,9,key,8,1349,3.115138053894043
data/cache_samples/medium_1559tok_20260427_233257,medium,1559,9,key,9,1394,3.1148316860198975
data/cache_samples/medium_1559tok_20260427_233257,medium,1559,9,key,10,1403,3.113848924636841
data/cache_samples/medium_1559tok_20260427_233257,medium,1559,9,value,1,108,0.3415188491344452
data/cache_samples/medium_1559tok_20260427_233257,medium,1559,9,value,2,156,0.3315087854862213
data/cache_samples/medium_1559tok_20260427_233257,medium,1559,9,value,3,76,0.32779327034950256
data/cache_samples/medium_1559tok_20260427_233257,medium,1559,9,value,4,204,0.32401910424232483
data/cache_samples/medium_1559tok_20260427_233257,medium,1559,9,value,5,115,0.3220065236091614
data/cache_samples/medium_1559tok_20260427_233257,medium,1559,9,value,6,81,0.3196585476398468
data/cache_samples/medium_1559tok_20260427_233257,medium,1559,9,value,7,128,0.31789419054985046
data/cache_samples/medium_1559tok_20260427_233257,medium,1559,9,value,8,82,0.31672364473342896
data/cache_samples/medium_1559tok_20260427_233257,medium,1559,9,value,9,79,0.31662043929100037
data/cache_samples/medium_1559tok_20260427_233257,medium,1559,9,value,10,88,0.3165530562400818
data/cache_samples/medium_1559tok_20260427_233257,medium,1559,10,key,1,1396,3.044654130935669
data/cache_samples/medium_1559tok_20260427_233257,medium,1559,10,key,2,1540,3.0206804275512695
data/cache_samples/medium_1559tok_20260427_233257,medium,1559,10,key,3,1395,3.0170512199401855
data/cache_samples/medium_1559tok_20260427_233257,medium,1559,10,key,4,1444,3.0037291049957275
data/cache_samples/medium_1559tok_20260427_233257,medium,1559,10,key,5,1155,3.0000998973846436
data/cache_samples/medium_1559tok_20260427_233257,medium,1559,10,key,6,1539,2.999326229095459
data/cache_samples/medium_1559tok_20260427_233257,medium,1559,10,key,7,1156,2.9987385272979736
data/cache_samples/medium_1559tok_20260427_233257,medium,1559,10,key,8,868,2.993014097213745
data/cache_samples/medium_1559tok_20260427_233257,medium,1559,10,key,9,1443,2.987666130065918
data/cache_samples/medium_1559tok_20260427_233257,medium,1559,10,key,10,964,2.9827284812927246
data/cache_samples/medium_1559tok_20260427_233257,medium,1559,10,value,1,94,0.3671794533729553
data/cache_samples/medium_1559tok_20260427_233257,medium,1559,10,value,2,82,0.36513736844062805
data/cache_samples/medium_1559tok_20260427_233257,medium,1559,10,value,3,106,0.36387425661087036
data/cache_samples/medium_1559tok_20260427_233257,medium,1559,10,value,4,154,0.362917423248291
data/cache_samples/medium_1559tok_20260427_233257,medium,1559,10,value,5,202,0.3595618009567261
data/cache_samples/medium_1559tok_20260427_233257,medium,1559,10,value,6,11,0.3587149977684021
data/cache_samples/medium_1559tok_20260427_233257,medium,1559,10,value,7,51,0.3578525483608246
data/cache_samples/medium_1559tok_20260427_233257,medium,1559,10,value,8,90,0.3577580749988556
data/cache_samples/medium_1559tok_20260427_233257,medium,1559,10,value,9,67,0.3574908673763275
data/cache_samples/medium_1559tok_20260427_233257,medium,1559,10,value,10,81,0.35561272501945496
data/cache_samples/medium_1559tok_20260427_233257,medium,1559,11,key,1,289,3.348234176635742
data/cache_samples/medium_1559tok_20260427_233257,medium,1559,11,key,2,769,3.3447535037994385
data/cache_samples/medium_1559tok_20260427_233257,medium,1559,11,key,3,385,3.3319833278656006
data/cache_samples/medium_1559tok_20260427_233257,medium,1559,11,key,4,1441,3.3295280933380127
data/cache_samples/medium_1559tok_20260427_233257,medium,1559,11,key,5,1153,3.326875925064087
data/cache_samples/medium_1559tok_20260427_233257,medium,1559,11,key,6,673,3.3263442516326904
data/cache_samples/medium_1559tok_20260427_233257,medium,1559,11,key,7,625,3.3235461711883545
data/cache_samples/medium_1559tok_20260427_233257,medium,1559,11,key,8,792,3.319164991378784
data/cache_samples/medium_1559tok_20260427_233257,medium,1559,11,key,9,1393,3.3179359436035156
data/cache_samples/medium_1559tok_20260427_233257,medium,1559,11,key,10,1057,3.3150575160980225
data/cache_samples/medium_1559tok_20260427_233257,medium,1559,11,value,1,39,0.35796040296554565
data/cache_samples/medium_1559tok_20260427_233257,medium,1559,11,value,2,81,0.3425990045070648
data/cache_samples/medium_1559tok_20260427_233257,medium,1559,11,value,3,33,0.3414262533187866
data/cache_samples/medium_1559tok_20260427_233257,medium,1559,11,value,4,11,0.33577942848205566
data/cache_samples/medium_1559tok_20260427_233257,medium,1559,11,value,5,8,0.33445605635643005
data/cache_samples/medium_1559tok_20260427_233257,medium,1559,11,value,6,17,0.33351460099220276
data/cache_samples/medium_1559tok_20260427_233257,medium,1559,11,value,7,1185,0.33323416113853455
data/cache_samples/medium_1559tok_20260427_233257,medium,1559,11,value,8,1233,0.33313271403312683
data/cache_samples/medium_1559tok_20260427_233257,medium,1559,11,value,9,29,0.33308881521224976
data/cache_samples/medium_1559tok_20260427_233257,medium,1559,11,value,10,177,0.33171242475509644
data/cache_samples/medium_1559tok_20260427_233257,medium,1559,12,key,1,1442,3.12707781791687
data/cache_samples/medium_1559tok_20260427_233257,medium,1559,12,key,2,770,3.117983341217041
data/cache_samples/medium_1559tok_20260427_233257,medium,1559,12,key,3,1520,3.1072049140930176
data/cache_samples/medium_1559tok_20260427_233257,medium,1559,12,key,4,1490,3.102327346801758
data/cache_samples/medium_1559tok_20260427_233257,medium,1559,12,key,5,962,3.1012983322143555
data/cache_samples/medium_1559tok_20260427_233257,medium,1559,12,key,6,1154,3.0962073802948
data/cache_samples/medium_1559tok_20260427_233257,medium,1559,12,key,7,914,3.0955522060394287
data/cache_samples/medium_1559tok_20260427_233257,medium,1559,12,key,8,1088,3.094038724899292
data/cache_samples/medium_1559tok_20260427_233257,medium,1559,12,key,9,866,3.0938832759857178
data/cache_samples/medium_1559tok_20260427_233257,medium,1559,12,key,10,1346,3.0937397480010986
data/cache_samples/medium_1559tok_20260427_233257,medium,1559,12,value,1,407,0.36912769079208374
data/cache_samples/medium_1559tok_20260427_233257,medium,1559,12,value,2,887,0.3644038736820221
data/cache_samples/medium_1559tok_20260427_233257,medium,1559,12,value,3,503,0.3604785203933716
data/cache_samples/medium_1559tok_20260427_233257,medium,1559,12,value,4,1367,0.3603202700614929
data/cache_samples/medium_1559tok_20260427_233257,medium,1559,12,value,5,743,0.353522390127182
data/cache_samples/medium_1559tok_20260427_233257,medium,1559,12,value,6,1463,0.3499988615512848
data/cache_samples/medium_1559tok_20260427_233257,medium,1559,12,value,7,1223,0.34972354769706726
data/cache_samples/medium_1559tok_20260427_233257,medium,1559,12,value,8,263,0.34922611713409424
data/cache_samples/medium_1559tok_20260427_233257,medium,1559,12,value,9,31,0.3454728126525879
data/cache_samples/medium_1559tok_20260427_233257,medium,1559,12,value,10,8,0.3449491560459137
data/cache_samples/medium_1559tok_20260427_233257,medium,1559,13,key,1,770,3.231957197189331
data/cache_samples/medium_1559tok_20260427_233257,medium,1559,13,key,2,866,3.2170803546905518
data/cache_samples/medium_1559tok_20260427_233257,medium,1559,13,key,3,1442,3.214418888092041
data/cache_samples/medium_1559tok_20260427_233257,medium,1559,13,key,4,674,3.210758686065674
data/cache_samples/medium_1559tok_20260427_233257,medium,1559,13,key,5,1154,3.2021968364715576
data/cache_samples/medium_1559tok_20260427_233257,medium,1559,13,key,6,1346,3.2019193172454834
data/cache_samples/medium_1559tok_20260427_233257,medium,1559,13,key,7,1058,3.1898996829986572
data/cache_samples/medium_1559tok_20260427_233257,medium,1559,13,key,8,602,3.1885433197021484
data/cache_samples/medium_1559tok_20260427_233257,medium,1559,13,key,9,650,3.1885340213775635
data/cache_samples/medium_1559tok_20260427_233257,medium,1559,13,key,10,1538,3.186249256134033
data/cache_samples/medium_1559tok_20260427_233257,medium,1559,13,value,1,67,0.4800129532814026
data/cache_samples/medium_1559tok_20260427_233257,medium,1559,13,value,2,48,0.46019625663757324
data/cache_samples/medium_1559tok_20260427_233257,medium,1559,13,value,3,115,0.45383602380752563
data/cache_samples/medium_1559tok_20260427_233257,medium,1559,13,value,4,42,0.44970399141311646
data/cache_samples/medium_1559tok_20260427_233257,medium,1559,13,value,5,45,0.4479673206806183
data/cache_samples/medium_1559tok_20260427_233257,medium,1559,13,value,6,93,0.4474746584892273
data/cache_samples/medium_1559tok_20260427_233257,medium,1559,13,value,7,1031,0.44677168130874634
data/cache_samples/medium_1559tok_20260427_233257,medium,1559,13,value,8,743,0.4460371732711792
data/cache_samples/medium_1559tok_20260427_233257,medium,1559,13,value,9,503,0.44413962960243225
data/cache_samples/medium_1559tok_20260427_233257,medium,1559,13,value,10,28,0.442809522151947
data/cache_samples/medium_1559tok_20260427_233257,medium,1559,14,key,1,868,3.207139253616333
data/cache_samples/medium_1559tok_20260427_233257,medium,1559,14,key,2,1540,3.194481372833252
data/cache_samples/medium_1559tok_20260427_233257,medium,1559,14,key,3,772,3.1831748485565186
data/cache_samples/medium_1559tok_20260427_233257,medium,1559,14,key,4,1396,3.178980827331543
data/cache_samples/medium_1559tok_20260427_233257,medium,1559,14,key,5,1156,3.1787188053131104
data/cache_samples/medium_1559tok_20260427_233257,medium,1559,14,key,6,1060,3.1714930534362793
data/cache_samples/medium_1559tok_20260427_233257,medium,1559,14,key,7,1300,3.1606063842773438
data/cache_samples/medium_1559tok_20260427_233257,medium,1559,14,key,8,580,3.160176992416382
data/cache_samples/medium_1559tok_20260427_233257,medium,1559,14,key,9,388,3.1590795516967773
data/cache_samples/medium_1559tok_20260427_233257,medium,1559,14,key,10,628,3.157595157623291
data/cache_samples/medium_1559tok_20260427_233257,medium,1559,14,value,1,503,1.017797589302063
data/cache_samples/medium_1559tok_20260427_233257,medium,1559,14,value,2,1271,0.9824799299240112
data/cache_samples/medium_1559tok_20260427_233257,medium,1559,14,value,3,1031,0.9571982622146606
data/cache_samples/medium_1559tok_20260427_233257,medium,1559,14,value,4,1463,0.9423450231552124
data/cache_samples/medium_1559tok_20260427_233257,medium,1559,14,value,5,551,0.9176219701766968
data/cache_samples/medium_1559tok_20260427_233257,medium,1559,14,value,6,455,0.9168036580085754
data/cache_samples/medium_1559tok_20260427_233257,medium,1559,14,value,7,1367,0.893457293510437
data/cache_samples/medium_1559tok_20260427_233257,medium,1559,14,value,8,48,0.8676236867904663
data/cache_samples/medium_1559tok_20260427_233257,medium,1559,14,value,9,6,0.8662311434745789
data/cache_samples/medium_1559tok_20260427_233257,medium,1559,14,value,10,57,0.8507406711578369
data/cache_samples/medium_1559tok_20260427_233257,medium,1559,15,key,1,387,3.174443244934082
data/cache_samples/medium_1559tok_20260427_233257,medium,1559,15,key,2,675,3.172175168991089
data/cache_samples/medium_1559tok_20260427_233257,medium,1559,15,key,3,579,3.1692309379577637
data/cache_samples/medium_1559tok_20260427_233257,medium,1559,15,key,4,771,3.1595587730407715
data/cache_samples/medium_1559tok_20260427_233257,medium,1559,15,key,5,867,3.1568784713745117
data/cache_samples/medium_1559tok_20260427_233257,medium,1559,15,key,6,291,3.1539440155029297
data/cache_samples/medium_1559tok_20260427_233257,medium,1559,15,key,7,1155,3.1532247066497803
data/cache_samples/medium_1559tok_20260427_233257,medium,1559,15,key,8,1395,3.1479928493499756
data/cache_samples/medium_1559tok_20260427_233257,medium,1559,15,key,9,1539,3.1413414478302
data/cache_samples/medium_1559tok_20260427_233257,medium,1559,15,key,10,627,3.139749765396118
data/cache_samples/medium_1559tok_20260427_233257,medium,1559,15,value,1,1271,0.9831550717353821
data/cache_samples/medium_1559tok_20260427_233257,medium,1559,15,value,2,503,0.9498748183250427
data/cache_samples/medium_1559tok_20260427_233257,medium,1559,15,value,3,1031,0.9041429162025452
data/cache_samples/medium_1559tok_20260427_233257,medium,1559,15,value,4,1367,0.9032770395278931
data/cache_samples/medium_1559tok_20260427_233257,medium,1559,15,value,5,1463,0.8945775628089905
data/cache_samples/medium_1559tok_20260427_233257,medium,1559,15,value,6,1223,0.8670146465301514
data/cache_samples/medium_1559tok_20260427_233257,medium,1559,15,value,7,551,0.8566059470176697
data/cache_samples/medium_1559tok_20260427_233257,medium,1559,15,value,8,455,0.8402708768844604
data/cache_samples/medium_1559tok_20260427_233257,medium,1559,15,value,9,743,0.8401098251342773
data/cache_samples/medium_1559tok_20260427_233257,medium,1559,15,value,10,48,0.8387646675109863
data/cache_samples/short_407tok_20260427_233254,short,407,0,key,1,264,2.178877115249634
data/cache_samples/short_407tok_20260427_233254,short,407,0,key,2,216,2.178875684738159
data/cache_samples/short_407tok_20260427_233254,short,407,0,key,3,213,2.1788697242736816
data/cache_samples/short_407tok_20260427_233254,short,407,0,key,4,165,2.178867816925049
data/cache_samples/short_407tok_20260427_233254,short,407,0,key,5,227,2.1788642406463623
data/cache_samples/short_407tok_20260427_233254,short,407,0,key,6,168,2.1788623332977295
data/cache_samples/short_407tok_20260427_233254,short,407,0,key,7,261,2.1788618564605713
data/cache_samples/short_407tok_20260427_233254,short,407,0,key,8,405,2.178859233856201
data/cache_samples/short_407tok_20260427_233254,short,407,0,key,9,275,2.178853988647461
data/cache_samples/short_407tok_20260427_233254,short,407,0,key,10,69,2.1788434982299805
data/cache_samples/short_407tok_20260427_233254,short,407,0,value,1,1,0.10592595487833023
data/cache_samples/short_407tok_20260427_233254,short,407,0,value,2,97,0.10345227271318436
data/cache_samples/short_407tok_20260427_233254,short,407,0,value,3,289,0.10345227271318436
data/cache_samples/short_407tok_20260427_233254,short,407,0,value,4,385,0.10345227271318436
data/cache_samples/short_407tok_20260427_233254,short,407,0,value,5,337,0.10345227271318436
data/cache_samples/short_407tok_20260427_233254,short,407,0,value,6,145,0.10345227271318436
data/cache_samples/short_407tok_20260427_233254,short,407,0,value,7,241,0.10345227271318436
data/cache_samples/short_407tok_20260427_233254,short,407,0,value,8,49,0.10345227271318436
data/cache_samples/short_407tok_20260427_233254,short,407,0,value,9,193,0.10345227271318436
data/cache_samples/short_407tok_20260427_233254,short,407,0,value,10,13,0.10337252169847488
data/cache_samples/short_407tok_20260427_233254,short,407,1,key,1,385,2.7299015522003174
data/cache_samples/short_407tok_20260427_233254,short,407,1,key,2,337,2.724855899810791
data/cache_samples/short_407tok_20260427_233254,short,407,1,key,3,289,2.7178335189819336
data/cache_samples/short_407tok_20260427_233254,short,407,1,key,4,241,2.706496238708496
data/cache_samples/short_407tok_20260427_233254,short,407,1,key,5,394,2.7040977478027344
data/cache_samples/short_407tok_20260427_233254,short,407,1,key,6,346,2.6963164806365967
data/cache_samples/short_407tok_20260427_233254,short,407,1,key,7,193,2.695007562637329
data/cache_samples/short_407tok_20260427_233254,short,407,1,key,8,298,2.6915738582611084
data/cache_samples/short_407tok_20260427_233254,short,407,1,key,9,250,2.685088872909546
data/cache_samples/short_407tok_20260427_233254,short,407,1,key,10,202,2.6733651161193848
data/cache_samples/short_407tok_20260427_233254,short,407,1,value,1,212,0.21457596123218536
data/cache_samples/short_407tok_20260427_233254,short,407,1,value,2,164,0.21455258131027222
data/cache_samples/short_407tok_20260427_233254,short,407,1,value,3,116,0.21449993550777435
data/cache_samples/short_407tok_20260427_233254,short,407,1,value,4,308,0.21441061794757843
data/cache_samples/short_407tok_20260427_233254,short,407,1,value,5,260,0.2143806368112564
data/cache_samples/short_407tok_20260427_233254,short,407,1,value,6,356,0.21433059871196747
data/cache_samples/short_407tok_20260427_233254,short,407,1,value,7,404,0.21419738233089447
data/cache_samples/short_407tok_20260427_233254,short,407,1,value,8,68,0.21418607234954834
data/cache_samples/short_407tok_20260427_233254,short,407,1,value,9,367,0.20541740953922272
data/cache_samples/short_407tok_20260427_233254,short,407,1,value,10,319,0.20539642870426178
data/cache_samples/short_407tok_20260427_233254,short,407,2,key,1,386,2.815187692642212
data/cache_samples/short_407tok_20260427_233254,short,407,2,key,2,338,2.8104264736175537
data/cache_samples/short_407tok_20260427_233254,short,407,2,key,3,242,2.8045544624328613
data/cache_samples/short_407tok_20260427_233254,short,407,2,key,4,290,2.7988526821136475
data/cache_samples/short_407tok_20260427_233254,short,407,2,key,5,194,2.773705005645752
data/cache_samples/short_407tok_20260427_233254,short,407,2,key,6,337,2.7575290203094482
data/cache_samples/short_407tok_20260427_233254,short,407,2,key,7,146,2.755685567855835
data/cache_samples/short_407tok_20260427_233254,short,407,2,key,8,385,2.748351812362671
data/cache_samples/short_407tok_20260427_233254,short,407,2,key,9,400,2.7262234687805176
data/cache_samples/short_407tok_20260427_233254,short,407,2,key,10,289,2.7234888076782227
data/cache_samples/short_407tok_20260427_233254,short,407,2,value,1,80,0.26671555638313293
data/cache_samples/short_407tok_20260427_233254,short,407,2,value,2,55,0.2648802399635315
data/cache_samples/short_407tok_20260427_233254,short,407,2,value,3,32,0.2636665105819702
data/cache_samples/short_407tok_20260427_233254,short,407,2,value,4,224,0.2633213996887207
data/cache_samples/short_407tok_20260427_233254,short,407,2,value,5,128,0.26274850964546204
data/cache_samples/short_407tok_20260427_233254,short,407,2,value,6,176,0.26249033212661743
data/cache_samples/short_407tok_20260427_233254,short,407,2,value,7,368,0.2623835802078247
data/cache_samples/short_407tok_20260427_233254,short,407,2,value,8,103,0.26235929131507874
data/cache_samples/short_407tok_20260427_233254,short,407,2,value,9,7,0.26206091046333313
data/cache_samples/short_407tok_20260427_233254,short,407,2,value,10,272,0.26083946228027344
data/cache_samples/short_407tok_20260427_233254,short,407,3,key,1,385,3.08443284034729
data/cache_samples/short_407tok_20260427_233254,short,407,3,key,2,289,3.0581979751586914
data/cache_samples/short_407tok_20260427_233254,short,407,3,key,3,241,3.0575077533721924
data/cache_samples/short_407tok_20260427_233254,short,407,3,key,4,337,3.0355546474456787
data/cache_samples/short_407tok_20260427_233254,short,407,3,key,5,193,3.0344316959381104
data/cache_samples/short_407tok_20260427_233254,short,407,3,key,6,372,3.0086488723754883
data/cache_samples/short_407tok_20260427_233254,short,407,3,key,7,382,3.006474494934082
data/cache_samples/short_407tok_20260427_233254,short,407,3,key,8,238,3.0029146671295166
data/cache_samples/short_407tok_20260427_233254,short,407,3,key,9,286,3.002335548400879
data/cache_samples/short_407tok_20260427_233254,short,407,3,key,10,324,2.9965007305145264
data/cache_samples/short_407tok_20260427_233254,short,407,3,value,1,2,0.29117071628570557
data/cache_samples/short_407tok_20260427_233254,short,407,3,value,2,30,0.2853192687034607
data/cache_samples/short_407tok_20260427_233254,short,407,3,value,3,119,0.2811172306537628
data/cache_samples/short_407tok_20260427_233254,short,407,3,value,4,33,0.27244654297828674
data/cache_samples/short_407tok_20260427_233254,short,407,3,value,5,167,0.2720947265625
data/cache_samples/short_407tok_20260427_233254,short,407,3,value,6,78,0.2704049348831177
data/cache_samples/short_407tok_20260427_233254,short,407,3,value,7,72,0.2681138515472412
data/cache_samples/short_407tok_20260427_233254,short,407,3,value,8,7,0.26688215136528015
data/cache_samples/short_407tok_20260427_233254,short,407,3,value,9,1,0.26584896445274353
data/cache_samples/short_407tok_20260427_233254,short,407,3,value,10,311,0.2656679153442383
data/cache_samples/short_407tok_20260427_233254,short,407,4,key,1,383,3.032925844192505
data/cache_samples/short_407tok_20260427_233254,short,407,4,key,2,287,3.0307908058166504
data/cache_samples/short_407tok_20260427_233254,short,407,4,key,3,335,3.027331590652466
data/cache_samples/short_407tok_20260427_233254,short,407,4,key,4,398,3.01639986038208
data/cache_samples/short_407tok_20260427_233254,short,407,4,key,5,302,3.0135293006896973
data/cache_samples/short_407tok_20260427_233254,short,407,4,key,6,386,3.010380506515503
data/cache_samples/short_407tok_20260427_233254,short,407,4,key,7,254,3.0097036361694336
data/cache_samples/short_407tok_20260427_233254,short,407,4,key,8,297,3.0049476623535156
data/cache_samples/short_407tok_20260427_233254,short,407,4,key,9,290,3.003380060195923
data/cache_samples/short_407tok_20260427_233254,short,407,4,key,10,393,3.003227949142456
data/cache_samples/short_407tok_20260427_233254,short,407,4,value,1,83,0.274987131357193
data/cache_samples/short_407tok_20260427_233254,short,407,4,value,2,3,0.27162331342697144
data/cache_samples/short_407tok_20260427_233254,short,407,4,value,3,213,0.2702386677265167
data/cache_samples/short_407tok_20260427_233254,short,407,4,value,4,2,0.2682251036167145
data/cache_samples/short_407tok_20260427_233254,short,407,4,value,5,29,0.26816460490226746
data/cache_samples/short_407tok_20260427_233254,short,407,4,value,6,309,0.2678329348564148
data/cache_samples/short_407tok_20260427_233254,short,407,4,value,7,131,0.2671877145767212
data/cache_samples/short_407tok_20260427_233254,short,407,4,value,8,67,0.26563042402267456
data/cache_samples/short_407tok_20260427_233254,short,407,4,value,9,8,0.26511073112487793
data/cache_samples/short_407tok_20260427_233254,short,407,4,value,10,7,0.2645000219345093
data/cache_samples/short_407tok_20260427_233254,short,407,5,key,1,388,3.1555585861206055
data/cache_samples/short_407tok_20260427_233254,short,407,5,key,2,340,3.148921251296997
data/cache_samples/short_407tok_20260427_233254,short,407,5,key,3,292,3.1480138301849365
data/cache_samples/short_407tok_20260427_233254,short,407,5,key,4,196,3.137544870376587
data/cache_samples/short_407tok_20260427_233254,short,407,5,key,5,244,3.1301684379577637
data/cache_samples/short_407tok_20260427_233254,short,407,5,key,6,148,3.1060357093811035
data/cache_samples/short_407tok_20260427_233254,short,407,5,key,7,100,3.0835230350494385
data/cache_samples/short_407tok_20260427_233254,short,407,5,key,8,286,3.065333127975464
data/cache_samples/short_407tok_20260427_233254,short,407,5,key,9,382,3.0589840412139893
data/cache_samples/short_407tok_20260427_233254,short,407,5,key,10,387,3.05257248878479
data/cache_samples/short_407tok_20260427_233254,short,407,5,value,1,105,0.30081021785736084
data/cache_samples/short_407tok_20260427_233254,short,407,5,value,2,113,0.2972734570503235
data/cache_samples/short_407tok_20260427_233254,short,407,5,value,3,65,0.2971278429031372
data/cache_samples/short_407tok_20260427_233254,short,407,5,value,4,153,0.2960619628429413
data/cache_samples/short_407tok_20260427_233254,short,407,5,value,5,109,0.2957095205783844
data/cache_samples/short_407tok_20260427_233254,short,407,5,value,6,93,0.29537034034729004
data/cache_samples/short_407tok_20260427_233254,short,407,5,value,7,141,0.29445287585258484
data/cache_samples/short_407tok_20260427_233254,short,407,5,value,8,100,0.2941770553588867
data/cache_samples/short_407tok_20260427_233254,short,407,5,value,9,157,0.29393231868743896
data/cache_samples/short_407tok_20260427_233254,short,407,5,value,10,126,0.2936246693134308
data/cache_samples/short_407tok_20260427_233254,short,407,6,key,1,387,3.295320510864258
data/cache_samples/short_407tok_20260427_233254,short,407,6,key,2,388,3.271618366241455
data/cache_samples/short_407tok_20260427_233254,short,407,6,key,3,291,3.270472288131714
data/cache_samples/short_407tok_20260427_233254,short,407,6,key,4,339,3.261559009552002
data/cache_samples/short_407tok_20260427_233254,short,407,6,key,5,292,3.252786159515381
data/cache_samples/short_407tok_20260427_233254,short,407,6,key,6,340,3.243558168411255
data/cache_samples/short_407tok_20260427_233254,short,407,6,key,7,392,3.236334800720215
data/cache_samples/short_407tok_20260427_233254,short,407,6,key,8,244,3.228573799133301
data/cache_samples/short_407tok_20260427_233254,short,407,6,key,9,276,3.2168073654174805
data/cache_samples/short_407tok_20260427_233254,short,407,6,key,10,296,3.213608503341675
data/cache_samples/short_407tok_20260427_233254,short,407,6,value,1,82,0.3547089695930481
data/cache_samples/short_407tok_20260427_233254,short,407,6,value,2,79,0.3440101146697998
data/cache_samples/short_407tok_20260427_233254,short,407,6,value,3,91,0.34176743030548096
data/cache_samples/short_407tok_20260427_233254,short,407,6,value,4,130,0.3407799005508423
data/cache_samples/short_407tok_20260427_233254,short,407,6,value,5,94,0.34034907817840576
data/cache_samples/short_407tok_20260427_233254,short,407,6,value,6,190,0.3396041691303253
data/cache_samples/short_407tok_20260427_233254,short,407,6,value,7,238,0.3377532660961151
data/cache_samples/short_407tok_20260427_233254,short,407,6,value,8,88,0.3370918333530426
data/cache_samples/short_407tok_20260427_233254,short,407,6,value,9,286,0.3365694582462311
data/cache_samples/short_407tok_20260427_233254,short,407,6,value,10,142,0.33646345138549805
data/cache_samples/short_407tok_20260427_233254,short,407,7,key,1,387,2.880039691925049
data/cache_samples/short_407tok_20260427_233254,short,407,7,key,2,345,2.86746883392334
data/cache_samples/short_407tok_20260427_233254,short,407,7,key,3,393,2.8519532680511475
data/cache_samples/short_407tok_20260427_233254,short,407,7,key,4,339,2.847266912460327
data/cache_samples/short_407tok_20260427_233254,short,407,7,key,5,391,2.845827341079712
data/cache_samples/short_407tok_20260427_233254,short,407,7,key,6,243,2.837733745574951
data/cache_samples/short_407tok_20260427_233254,short,407,7,key,7,291,2.833265542984009
data/cache_samples/short_407tok_20260427_233254,short,407,7,key,8,249,2.8310859203338623
data/cache_samples/short_407tok_20260427_233254,short,407,7,key,9,343,2.828273057937622
data/cache_samples/short_407tok_20260427_233254,short,407,7,key,10,247,2.826948642730713
data/cache_samples/short_407tok_20260427_233254,short,407,7,value,1,117,0.4186519980430603
data/cache_samples/short_407tok_20260427_233254,short,407,7,value,2,83,0.41591066122055054
data/cache_samples/short_407tok_20260427_233254,short,407,7,value,3,165,0.41436776518821716
data/cache_samples/short_407tok_20260427_233254,short,407,7,value,4,213,0.3988533616065979
data/cache_samples/short_407tok_20260427_233254,short,407,7,value,5,261,0.391905814409256
data/cache_samples/short_407tok_20260427_233254,short,407,7,value,6,214,0.38122043013572693
data/cache_samples/short_407tok_20260427_233254,short,407,7,value,7,309,0.3806571960449219
data/cache_samples/short_407tok_20260427_233254,short,407,7,value,8,357,0.3785979449748993
data/cache_samples/short_407tok_20260427_233254,short,407,7,value,9,358,0.37837350368499756
data/cache_samples/short_407tok_20260427_233254,short,407,7,value,10,131,0.37726739048957825
data/cache_samples/short_407tok_20260427_233254,short,407,8,key,1,387,3.3122098445892334
data/cache_samples/short_407tok_20260427_233254,short,407,8,key,2,388,3.2846693992614746
data/cache_samples/short_407tok_20260427_233254,short,407,8,key,3,291,3.2783865928649902
data/cache_samples/short_407tok_20260427_233254,short,407,8,key,4,196,3.275954246520996
data/cache_samples/short_407tok_20260427_233254,short,407,8,key,5,292,3.26686429977417
data/cache_samples/short_407tok_20260427_233254,short,407,8,key,6,243,3.2660040855407715
data/cache_samples/short_407tok_20260427_233254,short,407,8,key,7,339,3.265272378921509
data/cache_samples/short_407tok_20260427_233254,short,407,8,key,8,195,3.259965181350708
data/cache_samples/short_407tok_20260427_233254,short,407,8,key,9,340,3.241210699081421
data/cache_samples/short_407tok_20260427_233254,short,407,8,key,10,244,3.2211790084838867
data/cache_samples/short_407tok_20260427_233254,short,407,8,value,1,82,0.3598552346229553
data/cache_samples/short_407tok_20260427_233254,short,407,8,value,2,118,0.35860371589660645
data/cache_samples/short_407tok_20260427_233254,short,407,8,value,3,161,0.3539638817310333
data/cache_samples/short_407tok_20260427_233254,short,407,8,value,4,113,0.35121092200279236
data/cache_samples/short_407tok_20260427_233254,short,407,8,value,5,117,0.34597498178482056
data/cache_samples/short_407tok_20260427_233254,short,407,8,value,6,65,0.3449372351169586
data/cache_samples/short_407tok_20260427_233254,short,407,8,value,7,264,0.343284547328949
data/cache_samples/short_407tok_20260427_233254,short,407,8,value,8,165,0.3418213129043579
data/cache_samples/short_407tok_20260427_233254,short,407,8,value,9,66,0.3415023982524872
data/cache_samples/short_407tok_20260427_233254,short,407,8,value,10,216,0.34040573239326477
data/cache_samples/short_407tok_20260427_233254,short,407,9,key,1,395,3.0490992069244385
data/cache_samples/short_407tok_20260427_233254,short,407,9,key,2,387,3.038653612136841
data/cache_samples/short_407tok_20260427_233254,short,407,9,key,3,389,3.0326988697052
data/cache_samples/short_407tok_20260427_233254,short,407,9,key,4,228,3.029965400695801
data/cache_samples/short_407tok_20260427_233254,short,407,9,key,5,251,3.029355525970459
data/cache_samples/short_407tok_20260427_233254,short,407,9,key,6,291,3.0281388759613037
data/cache_samples/short_407tok_20260427_233254,short,407,9,key,7,196,3.0248172283172607
data/cache_samples/short_407tok_20260427_233254,short,407,9,key,8,347,3.023695468902588
data/cache_samples/short_407tok_20260427_233254,short,407,9,key,9,299,3.0196824073791504
data/cache_samples/short_407tok_20260427_233254,short,407,9,key,10,392,3.018944263458252
data/cache_samples/short_407tok_20260427_233254,short,407,9,value,1,108,0.34151068329811096
data/cache_samples/short_407tok_20260427_233254,short,407,9,value,2,156,0.33161333203315735
data/cache_samples/short_407tok_20260427_233254,short,407,9,value,3,76,0.32780081033706665
data/cache_samples/short_407tok_20260427_233254,short,407,9,value,4,204,0.32394036650657654
data/cache_samples/short_407tok_20260427_233254,short,407,9,value,5,115,0.32211390137672424
data/cache_samples/short_407tok_20260427_233254,short,407,9,value,6,81,0.31965088844299316
data/cache_samples/short_407tok_20260427_233254,short,407,9,value,7,128,0.31781432032585144
data/cache_samples/short_407tok_20260427_233254,short,407,9,value,8,82,0.31677988171577454
data/cache_samples/short_407tok_20260427_233254,short,407,9,value,9,79,0.31664836406707764
data/cache_samples/short_407tok_20260427_233254,short,407,9,value,10,88,0.31654003262519836
data/cache_samples/short_407tok_20260427_233254,short,407,10,key,1,387,2.9726502895355225
data/cache_samples/short_407tok_20260427_233254,short,407,10,key,2,388,2.947214126586914
data/cache_samples/short_407tok_20260427_233254,short,407,10,key,3,196,2.9464986324310303
data/cache_samples/short_407tok_20260427_233254,short,407,10,key,4,291,2.9305691719055176
data/cache_samples/short_407tok_20260427_233254,short,407,10,key,5,292,2.920642375946045
data/cache_samples/short_407tok_20260427_233254,short,407,10,key,6,340,2.910552501678467
data/cache_samples/short_407tok_20260427_233254,short,407,10,key,7,339,2.9084227085113525
data/cache_samples/short_407tok_20260427_233254,short,407,10,key,8,384,2.9041523933410645
data/cache_samples/short_407tok_20260427_233254,short,407,10,key,9,195,2.897347927093506
data/cache_samples/short_407tok_20260427_233254,short,407,10,key,10,385,2.8841707706451416
data/cache_samples/short_407tok_20260427_233254,short,407,10,value,1,94,0.3672747313976288
data/cache_samples/short_407tok_20260427_233254,short,407,10,value,2,82,0.36505743861198425
data/cache_samples/short_407tok_20260427_233254,short,407,10,value,3,106,0.3639592230319977
data/cache_samples/short_407tok_20260427_233254,short,407,10,value,4,154,0.3629235029220581
data/cache_samples/short_407tok_20260427_233254,short,407,10,value,5,202,0.3594895601272583
data/cache_samples/short_407tok_20260427_233254,short,407,10,value,6,11,0.3587184250354767
data/cache_samples/short_407tok_20260427_233254,short,407,10,value,7,51,0.35784539580345154
data/cache_samples/short_407tok_20260427_233254,short,407,10,value,8,90,0.3577406108379364
data/cache_samples/short_407tok_20260427_233254,short,407,10,value,9,67,0.3574911057949066
data/cache_samples/short_407tok_20260427_233254,short,407,10,value,10,81,0.35556095838546753
data/cache_samples/short_407tok_20260427_233254,short,407,11,key,1,289,3.347655773162842
data/cache_samples/short_407tok_20260427_233254,short,407,11,key,2,385,3.333097457885742
data/cache_samples/short_407tok_20260427_233254,short,407,11,key,3,241,3.286303758621216
data/cache_samples/short_407tok_20260427_233254,short,407,11,key,4,193,3.2834835052490234
data/cache_samples/short_407tok_20260427_233254,short,407,11,key,5,305,3.281836986541748
data/cache_samples/short_407tok_20260427_233254,short,407,11,key,6,199,3.277653694152832
data/cache_samples/short_407tok_20260427_233254,short,407,11,key,7,196,3.276357650756836
data/cache_samples/short_407tok_20260427_233254,short,407,11,key,8,209,3.2669689655303955
data/cache_samples/short_407tok_20260427_233254,short,407,11,key,9,292,3.2625083923339844
data/cache_samples/short_407tok_20260427_233254,short,407,11,key,10,337,3.259166717529297
data/cache_samples/short_407tok_20260427_233254,short,407,11,value,1,39,0.3579714894294739
data/cache_samples/short_407tok_20260427_233254,short,407,11,value,2,81,0.3427394926548004
data/cache_samples/short_407tok_20260427_233254,short,407,11,value,3,33,0.3413489758968353
data/cache_samples/short_407tok_20260427_233254,short,407,11,value,4,11,0.33575883507728577
data/cache_samples/short_407tok_20260427_233254,short,407,11,value,5,8,0.334442675113678
data/cache_samples/short_407tok_20260427_233254,short,407,11,value,6,17,0.3335401713848114
data/cache_samples/short_407tok_20260427_233254,short,407,11,value,7,29,0.33301669359207153
data/cache_samples/short_407tok_20260427_233254,short,407,11,value,8,177,0.331735223531723
data/cache_samples/short_407tok_20260427_233254,short,407,11,value,9,87,0.3309191167354584
data/cache_samples/short_407tok_20260427_233254,short,407,11,value,10,54,0.3308323919773102
data/cache_samples/short_407tok_20260427_233254,short,407,12,key,1,387,3.057210683822632
data/cache_samples/short_407tok_20260427_233254,short,407,12,key,2,291,3.0542619228363037
data/cache_samples/short_407tok_20260427_233254,short,407,12,key,3,385,3.027521848678589
data/cache_samples/short_407tok_20260427_233254,short,407,12,key,4,195,3.0254428386688232
data/cache_samples/short_407tok_20260427_233254,short,407,12,key,5,289,3.0156822204589844
data/cache_samples/short_407tok_20260427_233254,short,407,12,key,6,386,3.013298988342285
data/cache_samples/short_407tok_20260427_233254,short,407,12,key,7,196,3.0106282234191895
data/cache_samples/short_407tok_20260427_233254,short,407,12,key,8,392,3.004345178604126
data/cache_samples/short_407tok_20260427_233254,short,407,12,key,9,292,3.002350330352783
data/cache_samples/short_407tok_20260427_233254,short,407,12,key,10,288,3.0000641345977783
data/cache_samples/short_407tok_20260427_233254,short,407,12,value,1,263,0.3491787314414978
data/cache_samples/short_407tok_20260427_233254,short,407,12,value,2,31,0.3455303907394409
data/cache_samples/short_407tok_20260427_233254,short,407,12,value,3,8,0.34497523307800293
data/cache_samples/short_407tok_20260427_233254,short,407,12,value,4,13,0.3422854244709015
data/cache_samples/short_407tok_20260427_233254,short,407,12,value,5,12,0.3422279357910156
data/cache_samples/short_407tok_20260427_233254,short,407,12,value,6,108,0.3416667878627777
data/cache_samples/short_407tok_20260427_233254,short,407,12,value,7,39,0.3402157723903656
data/cache_samples/short_407tok_20260427_233254,short,407,12,value,8,38,0.33607280254364014
data/cache_samples/short_407tok_20260427_233254,short,407,12,value,9,54,0.33607208728790283
data/cache_samples/short_407tok_20260427_233254,short,407,12,value,10,167,0.3346336781978607
data/cache_samples/short_407tok_20260427_233254,short,407,13,key,1,386,3.1800999641418457
data/cache_samples/short_407tok_20260427_233254,short,407,13,key,2,385,3.124178409576416
data/cache_samples/short_407tok_20260427_233254,short,407,13,key,3,289,3.1037724018096924
data/cache_samples/short_407tok_20260427_233254,short,407,13,key,4,377,3.0984385013580322
data/cache_samples/short_407tok_20260427_233254,short,407,13,key,5,362,3.0927624702453613
data/cache_samples/short_407tok_20260427_233254,short,407,13,key,6,305,3.0862298011779785
data/cache_samples/short_407tok_20260427_233254,short,407,13,key,7,389,3.0826799869537354
data/cache_samples/short_407tok_20260427_233254,short,407,13,key,8,290,3.0822412967681885
data/cache_samples/short_407tok_20260427_233254,short,407,13,key,9,383,3.082205057144165
data/cache_samples/short_407tok_20260427_233254,short,407,13,key,10,196,3.081909656524658
data/cache_samples/short_407tok_20260427_233254,short,407,13,value,1,67,0.4798550009727478
data/cache_samples/short_407tok_20260427_233254,short,407,13,value,2,48,0.4601705074310303
data/cache_samples/short_407tok_20260427_233254,short,407,13,value,3,115,0.45392462611198425
data/cache_samples/short_407tok_20260427_233254,short,407,13,value,4,42,0.4496270418167114
data/cache_samples/short_407tok_20260427_233254,short,407,13,value,5,45,0.44802960753440857
data/cache_samples/short_407tok_20260427_233254,short,407,13,value,6,93,0.44752249121665955
data/cache_samples/short_407tok_20260427_233254,short,407,13,value,7,28,0.442702054977417
data/cache_samples/short_407tok_20260427_233254,short,407,13,value,8,51,0.44270017743110657
data/cache_samples/short_407tok_20260427_233254,short,407,13,value,9,12,0.43960946798324585
data/cache_samples/short_407tok_20260427_233254,short,407,13,value,10,163,0.43674221634864807
data/cache_samples/short_407tok_20260427_233254,short,407,14,key,1,388,3.159156322479248
data/cache_samples/short_407tok_20260427_233254,short,407,14,key,2,292,3.1536765098571777
data/cache_samples/short_407tok_20260427_233254,short,407,14,key,3,385,3.1228368282318115
data/cache_samples/short_407tok_20260427_233254,short,407,14,key,4,387,3.121377944946289
data/cache_samples/short_407tok_20260427_233254,short,407,14,key,5,291,3.1003825664520264
data/cache_samples/short_407tok_20260427_233254,short,407,14,key,6,340,3.0870132446289062
data/cache_samples/short_407tok_20260427_233254,short,407,14,key,7,196,3.0868401527404785
data/cache_samples/short_407tok_20260427_233254,short,407,14,key,8,289,3.078556776046753
data/cache_samples/short_407tok_20260427_233254,short,407,14,key,9,384,3.058762550354004
data/cache_samples/short_407tok_20260427_233254,short,407,14,key,10,288,3.0506179332733154
data/cache_samples/short_407tok_20260427_233254,short,407,14,value,1,48,0.867496132850647
data/cache_samples/short_407tok_20260427_233254,short,407,14,value,2,6,0.866301417350769
data/cache_samples/short_407tok_20260427_233254,short,407,14,value,3,57,0.8508455157279968
data/cache_samples/short_407tok_20260427_233254,short,407,14,value,4,8,0.8341532349586487
data/cache_samples/short_407tok_20260427_233254,short,407,14,value,5,105,0.8202044367790222
data/cache_samples/short_407tok_20260427_233254,short,407,14,value,6,96,0.8148895502090454
data/cache_samples/short_407tok_20260427_233254,short,407,14,value,7,42,0.8134341239929199
data/cache_samples/short_407tok_20260427_233254,short,407,14,value,8,108,0.8044257164001465
data/cache_samples/short_407tok_20260427_233254,short,407,14,value,9,62,0.8019528985023499
data/cache_samples/short_407tok_20260427_233254,short,407,14,value,10,54,0.7879378199577332
data/cache_samples/short_407tok_20260427_233254,short,407,15,key,1,387,3.174175977706909
data/cache_samples/short_407tok_20260427_233254,short,407,15,key,2,291,3.15354585647583
data/cache_samples/short_407tok_20260427_233254,short,407,15,key,3,399,3.099273204803467
data/cache_samples/short_407tok_20260427_233254,short,407,15,key,4,195,3.097463846206665
data/cache_samples/short_407tok_20260427_233254,short,407,15,key,5,243,3.09076189994812
data/cache_samples/short_407tok_20260427_233254,short,407,15,key,6,339,3.089298963546753
data/cache_samples/short_407tok_20260427_233254,short,407,15,key,7,207,3.0730764865875244
data/cache_samples/short_407tok_20260427_233254,short,407,15,key,8,303,3.063800096511841
data/cache_samples/short_407tok_20260427_233254,short,407,15,key,9,292,3.0637736320495605
data/cache_samples/short_407tok_20260427_233254,short,407,15,key,10,388,3.0479702949523926
data/cache_samples/short_407tok_20260427_233254,short,407,15,value,1,48,0.8385751843452454
data/cache_samples/short_407tok_20260427_233254,short,407,15,value,2,63,0.8309880495071411
data/cache_samples/short_407tok_20260427_233254,short,407,15,value,3,57,0.8140305280685425
data/cache_samples/short_407tok_20260427_233254,short,407,15,value,4,54,0.8013087511062622
data/cache_samples/short_407tok_20260427_233254,short,407,15,value,5,62,0.7885065078735352
data/cache_samples/short_407tok_20260427_233254,short,407,15,value,6,6,0.7882145643234253
data/cache_samples/short_407tok_20260427_233254,short,407,15,value,7,105,0.7856191396713257
data/cache_samples/short_407tok_20260427_233254,short,407,15,value,8,110,0.7838799953460693
data/cache_samples/short_407tok_20260427_233254,short,407,15,value,9,115,0.7809586524963379
data/cache_samples/short_407tok_20260427_233254,short,407,15,value,10,108,0.7797148823738098
